date,hours,year,month,day,weekday
2016-10-04,9,2016,10,4,Tuesday
2016-10-05,9,2016,10,5,Wednesday
2016-10-06,9,2016,10,6,Thursday
2016-10-07,9,2016,10,7,Friday
2016-10-08,9,2016,10,8,Saturday
2016-10-09,9,2016,10,9,Sunday
2016-10-10,9,2016,10,10,Monday
2016-10-11,9,2016,10,11,Tuesday
2016-10-12,9,2016,10,12,Wednesday
2016-10-13,9,2016,10,13,Thursday
2016-10-15,9,2016,10,15,Saturday
2016-10-16,9,2016,10,16,Sunday
2016-10-18,9,2016,10,18,Tuesday
2016-10-21,9,2016,10,21,Friday
2016-10-22,9,2016,10,22,Saturday
2016-10-23,9,2016,10,23,Sunday
2016-10-26,9,2016,10,26,Wednesday
2016-10-27,9,2016,10,27,Thursday
2016-11-10,9,2016,11,10,Thursday
2016-11-11,9,2016,11,11,Friday
2016-11-13,9,2016,11,13,Sunday
2016-11-16,9,2016,11,16,Wednesday
2016-11-17,9,2016,11,17,Thursday
2016-11-19,9,2016,11,19,Saturday
2016-11-20,9,2016,11,20,Sunday
2016-11-22,9,2016,11,22,Tuesday
2016-11-23,9,2016,11,23,Wednesday
2016-11-24,9,2016,11,24,Thursday
2016-11-25,9,2016,11,25,Friday
2016-11-28,9,2016,11,28,Monday
2016-12-01,9,2016,12,1,Thursday
2016-12-02,9,2016,12,2,Friday
2016-12-03,9,2016,12,3,Saturday
2016-12-04,9,2016,12,4,Sunday
2016-12-05,9,2016,12,5,Monday
2016-12-06,9,2016,12,6,Tuesday
2016-12-07,9,2016,12,7,Wednesday
2016-12-08,9,2016,12,8,Thursday
2016-12-09,9,2016,12,9,Friday
2016-12-10,9,2016,12,10,Saturday
2016-12-11,9,2016,12,11,Sunday
2016-12-12,9,2016,12,12,Monday
2016-12-13,9,2016,12,13,Tuesday
2016-12-14,9,2016,12,14,Wednesday
2016-12-15,9,2016,12,15,Thursday
2016-12-16,9,2016,12,16,Friday
2016-12-17,9,2016,12,17,Saturday
2016-12-18,9,2016,12,18,Sunday
2016-12-19,9,2016,12,19,Monday
2016-12-20,9,2016,12,20,Tuesday
2016-12-21,9,2016,12,21,Wednesday
2016-12-22,9,2016,12,22,Thursday
2016-12-23,9,2016,12,23,Friday
2016-12-24,9,2016,12,24,Saturday
2016-12-25,9,2016,12,25,Sunday
2016-12-26,9,2016,12,26,Monday
2016-12-27,9,2016,12,27,Tuesday
2016-12-28,9,2016,12,28,Wednesday
2016-12-29,9,2016,12,29,Thursday
2016-12-30,9,2016,12,30,Friday
2017-01-01,9,2017,1,1,Sunday
2017-01-02,9,2017,1,2,Monday
2017-01-05,9,2017,1,5,Thursday
2017-01-08,9,2017,1,8,Sunday
2017-01-09,9,2017,1,9,Monday
2017-01-10,9,2017,1,10,Tuesday
2017-01-11,9,2017,1,11,Wednesday
2017-01-12,9,2017,1,12,Thursday
2017-01-13,9,2017,1,13,Friday
2017-01-14,9,2017,1,14,Saturday
2017-01-15,9,2017,1,15,Sunday
2017-01-16,9,2017,1,16,Monday
2017-01-17,9,2017,1,17,Tuesday
2017-01-18,9,2017,1,18,Wednesday
2017-01-19,9,2017,1,19,Thursday
2017-01-20,9,2017,1,20,Friday
2017-01-21,9,2017,1,21,Saturday
2017-02-25,9,2017,2,25,Saturday
2017-02-26,9,2017,2,26,Sunday
2017-02-27,9,2017,2,27,Monday
2017-02-28,9,2017,2,28,Tuesday
2017-03-01,9,2017,3,1,Wednesday
2017-03-02,9,2017,3,2,Thursday
2017-03-03,9,2017,3,3,Friday
2017-03-04,9,2017,3,4,Saturday
2017-03-05,9,2017,3,5,Sunday
2017-03-06,9,2017,3,6,Monday
2017-03-07,9,2017,3,7,Tuesday
2017-03-08,9,2017,3,8,Wednesday
2017-03-09,9,2017,3,9,Thursday
2017-03-10,9,2017,3,10,Friday
2017-03-11,9,2017,3,11,Saturday
2017-03-12,9,2017,3,12,Sunday
2017-03-13,9,2017,3,13,Monday
2017-03-14,9,2017,3,14,Tuesday
2017-03-15,9,2017,3,15,Wednesday
2017-03-16,9,2017,3,16,Thursday
2017-03-17,9,2017,3,17,Friday
2017-03-18,9,2017,3,18,Saturday
2017-03-19,9,2017,3,19,Sunday
2017-03-20,9,2017,3,20,Monday
2017-03-22,9,2017,3,22,Wednesday
2017-03-24,9,2017,3,24,Friday
2017-03-25,9,2017,3,25,Saturday
2017-03-26,9,2017,3,26,Sunday
2017-03-27,9,2017,3,27,Monday
2017-03-28,9,2017,3,28,Tuesday
2017-03-29,9,2017,3,29,Wednesday
2017-03-30,9,2017,3,30,Thursday
2017-03-31,9,2017,3,31,Friday
2017-04-01,9,2017,4,1,Saturday
2017-04-02,9,2017,4,2,Sunday
2017-04-03,9,2017,4,3,Monday
2017-04-07,9,2017,4,7,Friday
2017-04-08,9,2017,4,8,Saturday
2017-04-09,9,2017,4,9,Sunday
2017-04-10,9,2017,4,10,Monday
2017-04-11,9,2017,4,11,Tuesday
2017-04-12,9,2017,4,12,Wednesday
2017-04-13,9,2017,4,13,Thursday
2017-04-14,9,2017,4,14,Friday
2017-04-15,9,2017,4,15,Saturday
2017-04-16,9,2017,4,16,Sunday
2017-04-18,9,2017,4,18,Tuesday
2017-04-19,9,2017,4,19,Wednesday
2017-04-21,9,2017,4,21,Friday
2017-04-23,9,2017,4,23,Sunday
2017-04-25,9,2017,4,25,Tuesday
2017-04-26,9,2017,4,26,Wednesday
2017-04-27,9,2017,4,27,Thursday
2017-04-28,9,2017,4,28,Friday
2017-04-29,9,2017,4,29,Saturday
2017-04-30,9,2017,4,30,Sunday
2017-05-01,9,2017,5,1,Monday
2017-05-02,9,2017,5,2,Tuesday
2017-05-03,9,2017,5,3,Wednesday
2017-05-04,9,2017,5,4,Thursday
2017-05-05,9,2017,5,5,Friday
2017-05-06,9,2017,5,6,Saturday
2017-05-07,9,2017,5,7,Sunday
2017-05-08,9,2017,5,8,Monday
2017-05-09,9,2017,5,9,Tuesday
2017-05-10,9,2017,5,10,Wednesday
2017-05-11,9,2017,5,11,Thursday
2017-05-12,9,2017,5,12,Friday
2017-05-13,9,2017,5,13,Saturday
2017-05-14,9,2017,5,14,Sunday
2017-05-15,9,2017,5,15,Monday
2017-05-16,9,2017,5,16,Tuesday
2017-05-17,9,2017,5,17,Wednesday
2017-05-18,9,2017,5,18,Thursday
2017-05-19,9,2017,5,19,Friday
2017-05-20,9,2017,5,20,Saturday
2017-05-21,9,2017,5,21,Sunday
2017-05-22,9,2017,5,22,Monday
2017-05-23,9,2017,5,23,Tuesday
2017-05-24,9,2017,5,24,Wednesday
2017-05-25,9,2017,5,25,Thursday
2017-05-26,9,2017,5,26,Friday
2017-05-27,9,2017,5,27,Saturday
2017-05-28,9,2017,5,28,Sunday
2017-05-29,9,2017,5,29,Monday
2017-05-30,9,2017,5,30,Tuesday
2017-05-31,9,2017,5,31,Wednesday
2017-06-01,9,2017,6,1,Thursday
2017-06-02,9,2017,6,2,Friday
2017-06-03,9,2017,6,3,Saturday
2017-06-04,9,2017,6,4,Sunday
2017-06-05,9,2017,6,5,Monday
2017-06-06,9,2017,6,6,Tuesday
2017-06-07,9,2017,6,7,Wednesday
2017-06-08,9,2017,6,8,Thursday
2017-06-09,9,2017,6,9,Friday
2017-06-10,9,2017,6,10,Saturday
2017-06-11,9,2017,6,11,Sunday
2017-06-12,9,2017,6,12,Monday
2017-06-13,9,2017,6,13,Tuesday
2017-06-14,9,2017,6,14,Wednesday
2017-06-15,9,2017,6,15,Thursday
2017-06-16,9,2017,6,16,Friday
2017-06-17,9,2017,6,17,Saturday
2017-06-18,9,2017,6,18,Sunday
2017-06-19,9,2017,6,19,Monday
2017-06-20,9,2017,6,20,Tuesday
2017-06-21,9,2017,6,21,Wednesday
2017-06-22,9,2017,6,22,Thursday
2017-06-23,9,2017,6,23,Friday
2017-06-24,9,2017,6,24,Saturday
2017-06-25,9,2017,6,25,Sunday
2017-06-26,9,2017,6,26,Monday
2017-06-27,9,2017,6,27,Tuesday
2017-06-28,9,2017,6,28,Wednesday
2017-06-29,9,2017,6,29,Thursday
2017-06-30,9,2017,6,30,Friday
2017-07-01,9,2017,7,1,Saturday
2017-07-02,9,2017,7,2,Sunday
2017-07-03,9,2017,7,3,Monday
2017-07-04,9,2017,7,4,Tuesday
2017-07-05,9,2017,7,5,Wednesday
2017-07-06,9,2017,7,6,Thursday
2017-07-07,9,2017,7,7,Friday
2017-07-10,9,2017,7,10,Monday
2017-07-11,9,2017,7,11,Tuesday
2017-07-12,9,2017,7,12,Wednesday
2017-07-13,9,2017,7,13,Thursday
2017-07-14,9,2017,7,14,Friday
2017-07-15,9,2017,7,15,Saturday
2017-07-16,9,2017,7,16,Sunday
2017-07-17,9,2017,7,17,Monday
2017-07-18,9,2017,7,18,Tuesday
2017-07-19,9,2017,7,19,Wednesday
2017-07-21,9,2017,7,21,Friday
2017-07-22,9,2017,7,22,Saturday
2017-07-23,9,2017,7,23,Sunday
2017-07-24,9,2017,7,24,Monday
2017-07-25,9,2017,7,25,Tuesday
2017-07-26,9,2017,7,26,Wednesday
2017-07-27,9,2017,7,27,Thursday
2017-07-28,9,2017,7,28,Friday
2017-07-29,9,2017,7,29,Saturday
2017-07-30,9,2017,7,30,Sunday
2017-07-31,9,2017,7,31,Monday
2017-08-01,9,2017,8,1,Tuesday
2017-08-02,9,2017,8,2,Wednesday
2017-08-03,9,2017,8,3,Thursday
2017-08-04,9,2017,8,4,Friday
2017-08-05,9,2017,8,5,Saturday
2017-08-06,9,2017,8,6,Sunday
2017-08-07,9,2017,8,7,Monday
2017-08-08,9,2017,8,8,Tuesday
2017-08-09,9,2017,8,9,Wednesday
2017-08-10,9,2017,8,10,Thursday
2017-08-11,9,2017,8,11,Friday
2017-08-12,9,2017,8,12,Saturday
2017-08-13,9,2017,8,13,Sunday
2017-08-14,9,2017,8,14,Monday
2017-08-15,9,2017,8,15,Tuesday
2017-08-16,9,2017,8,16,Wednesday
2017-08-17,9,2017,8,17,Thursday
2017-08-18,9,2017,8,18,Friday
2017-08-21,9,2017,8,21,Monday
2017-08-22,9,2017,8,22,Tuesday
2017-08-23,9,2017,8,23,Wednesday
2017-08-24,9,2017,8,24,Thursday
2017-08-25,9,2017,8,25,Friday
2017-08-26,9,2017,8,26,Saturday
2017-08-27,9,2017,8,27,Sunday
2017-08-28,9,2017,8,28,Monday
2017-08-29,9,2017,8,29,Tuesday
2017-08-30,9,2017,8,30,Wednesday
2017-08-31,9,2017,8,31,Thursday
2017-09-01,9,2017,9,1,Friday
2017-09-02,9,2017,9,2,Saturday
2017-09-03,9,2017,9,3,Sunday
2017-09-04,9,2017,9,4,Monday
2017-09-05,9,2017,9,5,Tuesday
2017-09-06,9,2017,9,6,Wednesday
2017-09-07,9,2017,9,7,Thursday
2017-09-08,9,2017,9,8,Friday
2017-09-09,9,2017,9,9,Saturday
2017-09-10,9,2017,9,10,Sunday
2017-09-11,9,2017,9,11,Monday
2017-09-12,9,2017,9,12,Tuesday
2017-09-13,9,2017,9,13,Wednesday
2017-09-14,9,2017,9,14,Thursday
2017-09-15,9,2017,9,15,Friday
2017-09-16,9,2017,9,16,Saturday
2017-09-17,9,2017,9,17,Sunday
2017-09-18,9,2017,9,18,Monday
2017-09-19,9,2017,9,19,Tuesday
2017-09-20,9,2017,9,20,Wednesday
2017-09-21,9,2017,9,21,Thursday
2017-09-22,9,2017,9,22,Friday
2017-09-23,9,2017,9,23,Saturday
2017-09-24,9,2017,9,24,Sunday
2017-09-25,9,2017,9,25,Monday
2017-09-26,9,2017,9,26,Tuesday
2017-09-27,9,2017,9,27,Wednesday
2017-09-28,9,2017,9,28,Thursday
2017-09-29,9,2017,9,29,Friday
2017-09-30,9,2017,9,30,Saturday
2017-10-01,9,2017,10,1,Sunday
2017-10-02,9,2017,10,2,Monday
2017-10-03,9,2017,10,3,Tuesday
2017-10-04,9,2017,10,4,Wednesday
2017-10-05,9,2017,10,5,Thursday
2017-10-06,9,2017,10,6,Friday
2017-10-07,9,2017,10,7,Saturday
2017-10-08,9,2017,10,8,Sunday
2017-10-09,9,2017,10,9,Monday
2017-10-10,9,2017,10,10,Tuesday
2017-10-11,9,2017,10,11,Wednesday
2017-10-12,9,2017,10,12,Thursday
2017-10-13,9,2017,10,13,Friday
2017-10-15,9,2017,10,15,Sunday
2017-10-17,9,2017,10,17,Tuesday
2017-10-18,9,2017,10,18,Wednesday
2017-10-19,9,2017,10,19,Thursday
2017-10-20,9,2017,10,20,Friday
2017-10-21,9,2017,10,21,Saturday
2017-10-22,9,2017,10,22,Sunday
2017-10-23,9,2017,10,23,Monday
2017-10-24,9,2017,10,24,Tuesday
2017-10-25,9,2017,10,25,Wednesday
2017-10-26,9,2017,10,26,Thursday
2017-10-27,9,2017,10,27,Friday
2017-10-28,9,2017,10,28,Saturday
2017-10-29,9,2017,10,29,Sunday
2017-10-30,9,2017,10,30,Monday
2017-10-31,9,2017,10,31,Tuesday
2017-11-01,9,2017,11,1,Wednesday
2017-11-02,9,2017,11,2,Thursday
2017-11-03,9,2017,11,3,Friday
2017-11-04,9,2017,11,4,Saturday
2017-11-05,9,2017,11,5,Sunday
2017-11-06,9,2017,11,6,Monday
2017-11-07,9,2017,11,7,Tuesday
2017-11-08,9,2017,11,8,Wednesday
2017-11-09,9,2017,11,9,Thursday
2017-11-10,9,2017,11,10,Friday
2017-11-11,9,2017,11,11,Saturday
2017-11-12,9,2017,11,12,Sunday
2017-11-13,9,2017,11,13,Monday
2017-11-14,9,2017,11,14,Tuesday
2017-11-15,9,2017,11,15,Wednesday
2017-11-16,9,2017,11,16,Thursday
2017-11-19,9,2017,11,19,Sunday
2017-11-20,9,2017,11,20,Monday
2017-11-21,9,2017,11,21,Tuesday
2017-11-23,9,2017,11,23,Thursday
2017-11-24,9,2017,11,24,Friday
2017-11-25,9,2017,11,25,Saturday
2017-11-26,9,2017,11,26,Sunday
2017-11-27,9,2017,11,27,Monday
2017-11-28,9,2017,11,28,Tuesday
2017-11-29,9,2017,11,29,Wednesday
2017-11-30,9,2017,11,30,Thursday
2017-12-01,9,2017,12,1,Friday
2017-12-02,9,2017,12,2,Saturday
2017-12-03,9,2017,12,3,Sunday
2017-12-04,9,2017,12,4,Monday
2017-12-05,9,2017,12,5,Tuesday
2017-12-06,9,2017,12,6,Wednesday
2017-12-07,9,2017,12,7,Thursday
2017-12-09,9,2017,12,9,Saturday
2017-12-10,9,2017,12,10,Sunday
2017-12-11,9,2017,12,11,Monday
2017-12-12,9,2017,12,12,Tuesday
2017-12-13,9,2017,12,13,Wednesday
2017-12-14,9,2017,12,14,Thursday
2017-12-15,9,2017,12,15,Friday
2017-12-16,9,2017,12,16,Saturday
2017-12-17,9,2017,12,17,Sunday
2017-12-18,9,2017,12,18,Monday
2017-12-19,9,2017,12,19,Tuesday
2017-12-20,9,2017,12,20,Wednesday
2017-12-21,9,2017,12,21,Thursday
2017-12-22,9,2017,12,22,Friday
2017-12-23,9,2017,12,23,Saturday
2017-12-24,9,2017,12,24,Sunday
2017-12-25,9,2017,12,25,Monday
2017-12-26,9,2017,12,26,Tuesday
2017-12-27,9,2017,12,27,Wednesday
2017-12-28,9,2017,12,28,Thursday
2017-12-29,9,2017,12,29,Friday
2018-01-02,9,2018,1,2,Tuesday
2018-01-03,9,2018,1,3,Wednesday
2018-01-04,9,2018,1,4,Thursday
2018-01-05,9,2018,1,5,Friday
2018-01-06,9,2018,1,6,Saturday
2018-01-07,9,2018,1,7,Sunday
2018-01-08,9,2018,1,8,Monday
2018-01-09,9,2018,1,9,Tuesday
2018-01-10,9,2018,1,10,Wednesday
2018-01-11,9,2018,1,11,Thursday
2018-01-12,9,2018,1,12,Friday
2018-01-13,9,2018,1,13,Saturday
2018-01-14,9,2018,1,14,Sunday
2018-01-15,9,2018,1,15,Monday
2018-01-16,9,2018,1,16,Tuesday
2018-01-17,9,2018,1,17,Wednesday
2018-01-18,9,2018,1,18,Thursday
2018-01-19,9,2018,1,19,Friday
2018-01-20,9,2018,1,20,Saturday
2018-01-21,9,2018,1,21,Sunday
2018-01-22,9,2018,1,22,Monday
2018-01-23,9,2018,1,23,Tuesday
2018-01-24,9,2018,1,24,Wednesday
2018-01-25,9,2018,1,25,Thursday
2018-01-26,9,2018,1,26,Friday
2018-01-27,9,2018,1,27,Saturday
2018-01-28,9,2018,1,28,Sunday
2018-01-29,9,2018,1,29,Monday
2018-01-30,9,2018,1,30,Tuesday
2018-01-31,9,2018,1,31,Wednesday
2018-02-01,9,2018,2,1,Thursday
2018-02-02,9,2018,2,2,Friday
2018-02-03,9,2018,2,3,Saturday
2018-02-04,9,2018,2,4,Sunday
2018-02-05,9,2018,2,5,Monday
2018-02-07,9,2018,2,7,Wednesday
2018-02-08,9,2018,2,8,Thursday
2018-02-09,9,2018,2,9,Friday
2018-02-10,9,2018,2,10,Saturday
2018-02-11,9,2018,2,11,Sunday
2018-02-12,9,2018,2,12,Monday
2018-02-13,9,2018,2,13,Tuesday
2018-02-14,9,2018,2,14,Wednesday
2018-02-15,9,2018,2,15,Thursday
2018-02-16,9,2018,2,16,Friday
2018-02-17,9,2018,2,17,Saturday
2018-02-18,9,2018,2,18,Sunday
2018-02-19,9,2018,2,19,Monday
2018-02-20,9,2018,2,20,Tuesday
2018-02-21,9,2018,2,21,Wednesday
2018-02-22,9,2018,2,22,Thursday
2018-02-23,9,2018,2,23,Friday
2018-02-24,9,2018,2,24,Saturday
2018-02-25,9,2018,2,25,Sunday
2018-02-26,9,2018,2,26,Monday
2018-03-01,9,2018,3,1,Thursday
2018-03-03,9,2018,3,3,Saturday
2018-03-04,9,2018,3,4,Sunday
2018-03-05,9,2018,3,5,Monday
2018-03-06,9,2018,3,6,Tuesday
2018-03-07,9,2018,3,7,Wednesday
2018-03-08,9,2018,3,8,Thursday
2018-03-09,9,2018,3,9,Friday
2018-03-10,9,2018,3,10,Saturday
2018-03-11,9,2018,3,11,Sunday
2018-03-12,9,2018,3,12,Monday
2018-03-14,9,2018,3,14,Wednesday
2018-03-15,9,2018,3,15,Thursday
2018-03-16,9,2018,3,16,Friday
2018-03-17,9,2018,3,17,Saturday
2018-03-18,9,2018,3,18,Sunday
2018-03-19,9,2018,3,19,Monday
2018-03-20,9,2018,3,20,Tuesday
2018-03-21,9,2018,3,21,Wednesday
2018-03-22,9,2018,3,22,Thursday
2018-03-23,9,2018,3,23,Friday
2018-03-24,9,2018,3,24,Saturday
2018-03-25,9,2018,3,25,Sunday
2018-03-26,9,2018,3,26,Monday
2018-03-29,9,2018,3,29,Thursday
2018-03-30,9,2018,3,30,Friday
2018-03-31,9,2018,3,31,Saturday
2018-04-01,9,2018,4,1,Sunday
2018-04-02,9,2018,4,2,Monday
2018-04-03,9,2018,4,3,Tuesday
2018-04-04,9,2018,4,4,Wednesday
2018-04-05,9,2018,4,5,Thursday
2018-04-06,9,2018,4,6,Friday
2018-04-07,9,2018,4,7,Saturday
2018-04-08,9,2018,4,8,Sunday
2018-04-09,9,2018,4,9,Monday
2018-04-10,9,2018,4,10,Tuesday
2018-04-11,9,2018,4,11,Wednesday
2018-04-12,9,2018,4,12,Thursday
2018-04-13,9,2018,4,13,Friday
2018-04-14,9,2018,4,14,Saturday
2018-04-15,9,2018,4,15,Sunday
2018-04-16,9,2018,4,16,Monday
2018-04-17,9,2018,4,17,Tuesday
2018-04-18,9,2018,4,18,Wednesday
2018-04-19,9,2018,4,19,Thursday
2018-04-20,9,2018,4,20,Friday
2018-04-21,9,2018,4,21,Saturday
2018-04-22,9,2018,4,22,Sunday
2018-04-23,9,2018,4,23,Monday
2018-04-24,9,2018,4,24,Tuesday
2018-04-30,9,2018,4,30,Monday
2018-05-01,9,2018,5,1,Tuesday
2018-05-02,9,2018,5,2,Wednesday
2018-05-03,9,2018,5,3,Thursday
2018-05-04,9,2018,5,4,Friday
2018-05-05,9,2018,5,5,Saturday
2018-05-06,9,2018,5,6,Sunday
2018-05-07,9,2018,5,7,Monday
2018-05-08,9,2018,5,8,Tuesday
2018-05-09,9,2018,5,9,Wednesday
2018-05-10,9,2018,5,10,Thursday
2018-05-11,9,2018,5,11,Friday
2018-05-12,9,2018,5,12,Saturday
2018-05-13,9,2018,5,13,Sunday
2018-05-14,9,2018,5,14,Monday
2018-05-15,9,2018,5,15,Tuesday
2018-05-16,9,2018,5,16,Wednesday
2018-05-17,9,2018,5,17,Thursday
2018-05-18,9,2018,5,18,Friday
2018-05-19,9,2018,5,19,Saturday
2018-05-22,9,2018,5,22,Tuesday
2018-05-23,9,2018,5,23,Wednesday
2018-05-24,9,2018,5,24,Thursday
2018-05-25,9,2018,5,25,Friday
2018-05-28,9,2018,5,28,Monday
2018-05-29,9,2018,5,29,Tuesday
2018-05-30,9,2018,5,30,Wednesday
2018-05-31,9,2018,5,31,Thursday
2018-06-01,9,2018,6,1,Friday
2018-06-02,9,2018,6,2,Saturday
2018-06-03,9,2018,6,3,Sunday
2018-06-04,9,2018,6,4,Monday
2018-06-06,9,2018,6,6,Wednesday
2018-06-07,9,2018,6,7,Thursday
2018-06-08,9,2018,6,8,Friday
2018-06-09,9,2018,6,9,Saturday
2018-06-10,9,2018,6,10,Sunday
2018-06-12,9,2018,6,12,Tuesday
2018-06-13,9,2018,6,13,Wednesday
2018-06-14,9,2018,6,14,Thursday
2018-06-15,9,2018,6,15,Friday
2018-06-24,9,2018,6,24,Sunday
2018-06-25,9,2018,6,25,Monday
2018-06-26,9,2018,6,26,Tuesday
2018-06-27,9,2018,6,27,Wednesday
2018-06-28,9,2018,6,28,Thursday
2018-06-29,9,2018,6,29,Friday
2018-06-30,9,2018,6,30,Saturday
2018-07-01,9,2018,7,1,Sunday
2018-07-02,9,2018,7,2,Monday
2018-07-03,9,2018,7,3,Tuesday
2018-07-04,9,2018,7,4,Wednesday
2018-07-05,9,2018,7,5,Thursday
2018-07-06,9,2018,7,6,Friday
2018-07-07,9,2018,7,7,Saturday
2018-07-08,9,2018,7,8,Sunday
2018-07-09,9,2018,7,9,Monday
2018-07-10,9,2018,7,10,Tuesday
2018-07-11,9,2018,7,11,Wednesday
2018-07-12,9,2018,7,12,Thursday
2018-07-13,9,2018,7,13,Friday
2018-07-14,9,2018,7,14,Saturday
2018-07-15,9,2018,7,15,Sunday
2018-07-16,9,2018,7,16,Monday
2018-07-17,9,2018,7,17,Tuesday
2018-07-18,9,2018,7,18,Wednesday
2018-07-19,9,2018,7,19,Thursday
2018-07-20,9,2018,7,20,Friday
2018-07-21,9,2018,7,21,Saturday
2018-07-22,9,2018,7,22,Sunday
2018-07-23,9,2018,7,23,Monday
2018-07-24,9,2018,7,24,Tuesday
2018-07-25,9,2018,7,25,Wednesday
2018-07-26,9,2018,7,26,Thursday
2018-07-27,9,2018,7,27,Friday
2018-07-29,9,2018,7,29,Sunday
2018-07-30,9,2018,7,30,Monday
2018-08-01,9,2018,8,1,Wednesday
2018-08-02,9,2018,8,2,Thursday
2018-08-03,9,2018,8,3,Friday
2018-08-04,9,2018,8,4,Saturday
2018-08-05,9,2018,8,5,Sunday
2018-08-06,9,2018,8,6,Monday
2018-08-07,9,2018,8,7,Tuesday
2018-08-08,9,2018,8,8,Wednesday
2018-08-09,9,2018,8,9,Thursday
2018-08-10,9,2018,8,10,Friday
2018-08-11,9,2018,8,11,Saturday
2018-08-12,9,2018,8,12,Sunday
2018-08-13,9,2018,8,13,Monday
2018-08-14,9,2018,8,14,Tuesday
2018-08-15,9,2018,8,15,Wednesday
2018-08-16,9,2018,8,16,Thursday
2018-08-17,9,2018,8,17,Friday
2018-08-18,9,2018,8,18,Saturday
2018-08-19,9,2018,8,19,Sunday
2018-08-20,9,2018,8,20,Monday
2018-08-21,9,2018,8,21,Tuesday
2018-08-22,9,2018,8,22,Wednesday
2018-08-23,9,2018,8,23,Thursday
2018-08-25,9,2018,8,25,Saturday
2018-08-27,9,2018,8,27,Monday
2018-08-28,9,2018,8,28,Tuesday
2018-08-29,9,2018,8,29,Wednesday
2018-08-30,9,2018,8,30,Thursday
2018-08-31,9,2018,8,31,Friday
2018-09-04,9,2018,9,4,Tuesday
2018-09-05,9,2018,9,5,Wednesday
2018-09-06,9,2018,9,6,Thursday
2018-09-07,9,2018,9,7,Friday
2018-09-08,9,2018,9,8,Saturday
2018-09-09,9,2018,9,9,Sunday
2018-09-10,9,2018,9,10,Monday
2018-09-11,9,2018,9,11,Tuesday
2018-09-12,9,2018,9,12,Wednesday
2018-09-13,9,2018,9,13,Thursday
2018-09-14,9,2018,9,14,Friday
2018-09-15,9,2018,9,15,Saturday
2018-09-16,9,2018,9,16,Sunday
2018-09-17,9,2018,9,17,Monday
2018-09-18,9,2018,9,18,Tuesday
2018-09-19,9,2018,9,19,Wednesday
2018-09-21,9,2018,9,21,Friday
2018-09-23,9,2018,9,23,Sunday
2018-09-24,9,2018,9,24,Monday
2018-09-25,9,2018,9,25,Tuesday
2018-09-26,9,2018,9,26,Wednesday
2018-09-27,9,2018,9,27,Thursday
2018-09-28,9,2018,9,28,Friday
2018-09-29,9,2018,9,29,Saturday
2018-09-30,9,2018,9,30,Sunday
2018-10-01,9,2018,10,1,Monday
2018-10-02,9,2018,10,2,Tuesday
2018-10-03,9,2018,10,3,Wednesday
2018-10-08,9,2018,10,8,Monday
2018-10-09,9,2018,10,9,Tuesday
2018-10-10,9,2018,10,10,Wednesday
2018-10-11,9,2018,10,11,Thursday
2018-10-12,9,2018,10,12,Friday
2018-10-13,9,2018,10,13,Saturday
2018-10-14,9,2018,10,14,Sunday
2018-10-15,9,2018,10,15,Monday
2018-10-16,9,2018,10,16,Tuesday
2018-10-17,9,2018,10,17,Wednesday
2018-10-18,9,2018,10,18,Thursday
2018-10-19,9,2018,10,19,Friday
2018-10-20,9,2018,10,20,Saturday
2018-10-21,9,2018,10,21,Sunday
2018-10-22,9,2018,10,22,Monday
2018-10-23,9,2018,10,23,Tuesday
2018-10-24,9,2018,10,24,Wednesday
2018-10-25,9,2018,10,25,Thursday
2018-10-26,9,2018,10,26,Friday
2018-10-27,9,2018,10,27,Saturday
2018-10-28,9,2018,10,28,Sunday
2018-10-29,9,2018,10,29,Monday
2018-10-30,9,2018,10,30,Tuesday
2018-10-31,9,2018,10,31,Wednesday
2018-11-01,9,2018,11,1,Thursday
2018-11-02,9,2018,11,2,Friday
2018-11-03,9,2018,11,3,Saturday
2018-11-04,9,2018,11,4,Sunday
2018-11-05,9,2018,11,5,Monday
2018-11-06,9,2018,11,6,Tuesday
2018-11-07,9,2018,11,7,Wednesday
2018-11-08,9,2018,11,8,Thursday
2018-11-12,9,2018,11,12,Monday
2018-11-13,9,2018,11,13,Tuesday
2018-11-14,9,2018,11,14,Wednesday
2018-11-15,9,2018,11,15,Thursday
2018-11-16,9,2018,11,16,Friday
2018-11-17,9,2018,11,17,Saturday
2018-11-18,9,2018,11,18,Sunday
2018-11-19,9,2018,11,19,Monday
2018-11-20,9,2018,11,20,Tuesday
2018-11-21,9,2018,11,21,Wednesday
2018-11-22,9,2018,11,22,Thursday
2018-11-23,9,2018,11,23,Friday
2018-11-24,9,2018,11,24,Saturday
2018-11-25,9,2018,11,25,Sunday
2018-11-26,9,2018,11,26,Monday
2018-11-27,9,2018,11,27,Tuesday
2018-11-28,9,2018,11,28,Wednesday
2018-11-29,9,2018,11,29,Thursday
2018-11-30,9,2018,11,30,Friday
2018-12-01,9,2018,12,1,Saturday
2018-12-02,9,2018,12,2,Sunday
2018-12-03,9,2018,12,3,Monday
2018-12-04,9,2018,12,4,Tuesday
2018-12-08,9,2018,12,8,Saturday
2018-12-09,9,2018,12,9,Sunday
2018-12-10,9,2018,12,10,Monday
2018-12-11,9,2018,12,11,Tuesday
2018-12-13,9,2018,12,13,Thursday
2018-12-14,9,2018,12,14,Friday
2018-12-15,9,2018,12,15,Saturday
2018-12-16,9,2018,12,16,Sunday
2018-12-17,9,2018,12,17,Monday
2018-12-18,9,2018,12,18,Tuesday
2018-12-19,9,2018,12,19,Wednesday
2018-12-20,9,2018,12,20,Thursday
2018-12-22,9,2018,12,22,Saturday
2018-12-23,9,2018,12,23,Sunday
2018-12-24,9,2018,12,24,Monday
2018-12-25,9,2018,12,25,Tuesday
2018-12-26,9,2018,12,26,Wednesday
2018-12-27,9,2018,12,27,Thursday
2018-12-28,9,2018,12,28,Friday
2018-12-29,9,2018,12,29,Saturday
2018-12-30,9,2018,12,30,Sunday
2019-01-01,9,2019,1,1,Tuesday
2019-01-03,9,2019,1,3,Thursday
2019-01-04,9,2019,1,4,Friday
2019-01-05,9,2019,1,5,Saturday
2019-01-06,9,2019,1,6,Sunday
2019-01-08,9,2019,1,8,Tuesday
2019-01-09,9,2019,1,9,Wednesday
2019-01-10,9,2019,1,10,Thursday
2019-01-11,9,2019,1,11,Friday
2019-01-12,9,2019,1,12,Saturday
2019-01-13,9,2019,1,13,Sunday
2019-01-14,9,2019,1,14,Monday
2019-01-15,9,2019,1,15,Tuesday
2019-01-16,9,2019,1,16,Wednesday
2019-01-17,9,2019,1,17,Thursday
2019-01-18,9,2019,1,18,Friday
2019-01-19,9,2019,1,19,Saturday
2019-01-20,9,2019,1,20,Sunday
2019-01-21,9,2019,1,21,Monday
2019-01-22,9,2019,1,22,Tuesday
2019-01-23,9,2019,1,23,Wednesday
2019-01-24,9,2019,1,24,Thursday
2019-01-25,9,2019,1,25,Friday
2019-01-26,9,2019,1,26,Saturday
2019-01-27,9,2019,1,27,Sunday
2019-01-28,9,2019,1,28,Monday
2019-01-29,9,2019,1,29,Tuesday
2019-01-30,9,2019,1,30,Wednesday
2019-01-31,9,2019,1,31,Thursday
2019-02-01,9,2019,2,1,Friday
2019-02-02,9,2019,2,2,Saturday
2019-02-03,9,2019,2,3,Sunday
2019-02-04,9,2019,2,4,Monday
2019-02-05,9,2019,2,5,Tuesday
2019-02-06,9,2019,2,6,Wednesday
2019-02-07,9,2019,2,7,Thursday
2019-02-08,9,2019,2,8,Friday
2019-02-09,9,2019,2,9,Saturday
2019-02-10,9,2019,2,10,Sunday
2019-02-11,9,2019,2,11,Monday
2019-02-12,9,2019,2,12,Tuesday
2019-02-13,9,2019,2,13,Wednesday
2019-02-14,9,2019,2,14,Thursday
2019-02-15,9,2019,2,15,Friday
2019-02-16,9,2019,2,16,Saturday
2019-02-17,9,2019,2,17,Sunday
2019-02-18,9,2019,2,18,Monday
2019-02-19,9,2019,2,19,Tuesday
2019-02-20,9,2019,2,20,Wednesday
2019-02-21,9,2019,2,21,Thursday
2019-02-22,9,2019,2,22,Friday
2019-02-23,9,2019,2,23,Saturday
2019-02-24,9,2019,2,24,Sunday
2019-02-25,9,2019,2,25,Monday
2019-02-26,9,2019,2,26,Tuesday
2019-02-27,9,2019,2,27,Wednesday
2019-02-28,9,2019,2,28,Thursday
2019-03-01,9,2019,3,1,Friday
2019-03-02,9,2019,3,2,Saturday
2019-03-03,9,2019,3,3,Sunday
2019-03-04,9,2019,3,4,Monday
2019-03-05,9,2019,3,5,Tuesday
2019-03-06,9,2019,3,6,Wednesday
2019-03-07,9,2019,3,7,Thursday
2019-03-08,9,2019,3,8,Friday
2019-03-09,9,2019,3,9,Saturday
2019-03-10,9,2019,3,10,Sunday
2019-03-11,9,2019,3,11,Monday
2019-03-12,9,2019,3,12,Tuesday
2019-03-13,9,2019,3,13,Wednesday
2019-03-14,9,2019,3,14,Thursday
2019-03-15,9,2019,3,15,Friday
2019-03-16,9,2019,3,16,Saturday
2019-03-17,9,2019,3,17,Sunday
2019-03-18,9,2019,3,18,Monday
2019-03-19,9,2019,3,19,Tuesday
2019-03-20,9,2019,3,20,Wednesday
2019-03-21,9,2019,3,21,Thursday
2019-03-24,9,2019,3,24,Sunday
2019-03-25,9,2019,3,25,Monday
2019-03-29,9,2019,3,29,Friday
2019-04-01,9,2019,4,1,Monday
2019-04-02,9,2019,4,2,Tuesday
2019-04-06,9,2019,4,6,Saturday
2019-04-07,9,2019,4,7,Sunday
2019-04-08,9,2019,4,8,Monday
2019-04-09,9,2019,4,9,Tuesday
2019-04-10,9,2019,4,10,Wednesday
2019-04-11,9,2019,4,11,Thursday
2019-04-12,9,2019,4,12,Friday
2019-04-13,9,2019,4,13,Saturday
2019-04-14,9,2019,4,14,Sunday
2019-04-15,9,2019,4,15,Monday
2019-04-16,9,2019,4,16,Tuesday
2019-04-17,9,2019,4,17,Wednesday
2019-04-18,9,2019,4,18,Thursday
2019-04-19,9,2019,4,19,Friday
2019-04-20,9,2019,4,20,Saturday
2019-04-21,9,2019,4,21,Sunday
2019-04-22,9,2019,4,22,Monday
2019-04-23,9,2019,4,23,Tuesday
2019-04-24,9,2019,4,24,Wednesday
2019-04-25,9,2019,4,25,Thursday
2019-04-26,9,2019,4,26,Friday
2019-04-27,9,2019,4,27,Saturday
2019-04-28,9,2019,4,28,Sunday
2019-04-29,9,2019,4,29,Monday
2019-04-30,9,2019,4,30,Tuesday
2019-05-01,9,2019,5,1,Wednesday
2019-05-02,9,2019,5,2,Thursday
2019-05-03,9,2019,5,3,Friday
2019-05-04,9,2019,5,4,Saturday
2019-05-05,9,2019,5,5,Sunday
2019-05-06,9,2019,5,6,Monday
2019-05-07,9,2019,5,7,Tuesday
2019-05-08,9,2019,5,8,Wednesday
2019-05-09,9,2019,5,9,Thursday
2019-05-10,9,2019,5,10,Friday
2019-05-11,9,2019,5,11,Saturday
2019-05-12,9,2019,5,12,Sunday
2019-05-13,9,2019,5,13,Monday
2019-05-14,9,2019,5,14,Tuesday
2019-05-15,9,2019,5,15,Wednesday
2019-05-16,9,2019,5,16,Thursday
2019-05-17,9,2019,5,17,Friday
2019-05-18,9,2019,5,18,Saturday
2019-05-19,9,2019,5,19,Sunday
2019-05-20,9,2019,5,20,Monday
2019-05-21,9,2019,5,21,Tuesday
2019-05-22,9,2019,5,22,Wednesday
2019-05-23,9,2019,5,23,Thursday
2019-05-24,9,2019,5,24,Friday
2019-05-25,9,2019,5,25,Saturday
2019-05-26,9,2019,5,26,Sunday
2019-05-27,9,2019,5,27,Monday
2019-05-28,9,2019,5,28,Tuesday
2019-05-29,9,2019,5,29,Wednesday
2019-05-30,9,2019,5,30,Thursday
2019-05-31,9,2019,5,31,Friday
2019-06-01,9,2019,6,1,Saturday
2019-06-02,9,2019,6,2,Sunday
2019-06-03,9,2019,6,3,Monday
2019-06-04,9,2019,6,4,Tuesday
2019-06-05,9,2019,6,5,Wednesday
2019-06-06,9,2019,6,6,Thursday
2019-06-07,9,2019,6,7,Friday
2019-06-08,9,2019,6,8,Saturday
2019-06-09,9,2019,6,9,Sunday
2019-06-10,9,2019,6,10,Monday
2019-06-11,9,2019,6,11,Tuesday
2019-06-12,9,2019,6,12,Wednesday
2019-06-13,9,2019,6,13,Thursday
2019-06-14,9,2019,6,14,Friday
2019-06-16,9,2019,6,16,Sunday
2019-06-18,9,2019,6,18,Tuesday
2019-06-19,9,2019,6,19,Wednesday
2019-06-20,9,2019,6,20,Thursday
2019-06-21,9,2019,6,21,Friday
2019-06-22,9,2019,6,22,Saturday
2019-06-23,9,2019,6,23,Sunday
2019-06-24,9,2019,6,24,Monday
2019-06-25,9,2019,6,25,Tuesday
2019-06-26,9,2019,6,26,Wednesday
2019-06-27,9,2019,6,27,Thursday
2019-06-28,9,2019,6,28,Friday
2019-06-29,9,2019,6,29,Saturday
2019-06-30,9,2019,6,30,Sunday
2019-07-01,9,2019,7,1,Monday
2019-07-02,9,2019,7,2,Tuesday
2019-07-03,9,2019,7,3,Wednesday
2019-07-04,9,2019,7,4,Thursday
2019-07-05,9,2019,7,5,Friday
2019-07-06,9,2019,7,6,Saturday
2019-07-07,9,2019,7,7,Sunday
2019-07-08,9,2019,7,8,Monday
2019-07-09,9,2019,7,9,Tuesday
2019-07-10,9,2019,7,10,Wednesday
2019-07-11,9,2019,7,11,Thursday
2019-07-12,9,2019,7,12,Friday
2019-07-15,9,2019,7,15,Monday
2019-07-16,9,2019,7,16,Tuesday
2019-07-17,9,2019,7,17,Wednesday
2019-07-18,9,2019,7,18,Thursday
2019-07-19,9,2019,7,19,Friday
2019-07-20,9,2019,7,20,Saturday
2019-07-21,9,2019,7,21,Sunday
2019-07-22,9,2019,7,22,Monday
2019-07-23,9,2019,7,23,Tuesday
2019-07-24,9,2019,7,24,Wednesday
2019-07-25,9,2019,7,25,Thursday
2019-07-26,9,2019,7,26,Friday
2019-07-27,9,2019,7,27,Saturday
2019-07-28,9,2019,7,28,Sunday
2019-07-29,9,2019,7,29,Monday
2019-07-30,9,2019,7,30,Tuesday
2019-07-31,9,2019,7,31,Wednesday
2019-08-01,9,2019,8,1,Thursday
2019-08-02,9,2019,8,2,Friday
2019-08-03,9,2019,8,3,Saturday
2019-08-04,9,2019,8,4,Sunday
2019-08-05,9,2019,8,5,Monday
2019-08-06,9,2019,8,6,Tuesday
2019-08-07,9,2019,8,7,Wednesday
2019-08-08,9,2019,8,8,Thursday
2019-08-09,9,2019,8,9,Friday
2019-08-10,9,2019,8,10,Saturday
2019-08-11,9,2019,8,11,Sunday
2019-08-12,9,2019,8,12,Monday
2019-08-13,9,2019,8,13,Tuesday
2019-08-14,9,2019,8,14,Wednesday
2019-08-15,9,2019,8,15,Thursday
2019-08-21,9,2019,8,21,Wednesday
2019-08-22,9,2019,8,22,Thursday
2019-08-23,9,2019,8,23,Friday
2019-08-24,9,2019,8,24,Saturday
2019-08-25,9,2019,8,25,Sunday
2019-08-26,9,2019,8,26,Monday
2019-08-27,9,2019,8,27,Tuesday
2019-08-28,9,2019,8,28,Wednesday
2019-08-29,9,2019,8,29,Thursday
2019-08-30,9,2019,8,30,Friday
2019-08-31,9,2019,8,31,Saturday
2019-09-01,9,2019,9,1,Sunday
2019-09-02,9,2019,9,2,Monday
2019-09-03,9,2019,9,3,Tuesday
2019-09-04,9,2019,9,4,Wednesday
2019-09-06,9,2019,9,6,Friday
2019-09-07,9,2019,9,7,Saturday
2019-09-08,9,2019,9,8,Sunday
2019-09-09,9,2019,9,9,Monday
2019-09-10,9,2019,9,10,Tuesday
2019-09-11,9,2019,9,11,Wednesday
2019-09-12,9,2019,9,12,Thursday
2019-09-13,9,2019,9,13,Friday
2019-09-14,9,2019,9,14,Saturday
2019-09-15,9,2019,9,15,Sunday
2019-09-16,9,2019,9,16,Monday
2019-09-17,9,2019,9,17,Tuesday
2019-09-18,9,2019,9,18,Wednesday
2019-09-19,9,2019,9,19,Thursday
2019-09-22,9,2019,9,22,Sunday
2019-09-23,9,2019,9,23,Monday
2019-09-25,9,2019,9,25,Wednesday
2019-09-26,9,2019,9,26,Thursday
2019-09-27,9,2019,9,27,Friday
2019-09-28,9,2019,9,28,Saturday
2019-09-29,9,2019,9,29,Sunday
2019-09-30,9,2019,9,30,Monday
2019-10-01,9,2019,10,1,Tuesday
2019-10-02,9,2019,10,2,Wednesday
2019-10-03,9,2019,10,3,Thursday
2019-10-04,9,2019,10,4,Friday
2019-10-05,9,2019,10,5,Saturday
2019-10-07,9,2019,10,7,Monday
2019-10-08,9,2019,10,8,Tuesday
2019-10-09,9,2019,10,9,Wednesday
2019-10-10,9,2019,10,10,Thursday
2019-10-11,9,2019,10,11,Friday
2019-10-12,9,2019,10,12,Saturday
2019-10-13,9,2019,10,13,Sunday
2019-10-14,9,2019,10,14,Monday
2019-10-15,9,2019,10,15,Tuesday
2019-10-16,9,2019,10,16,Wednesday
2019-10-17,9,2019,10,17,Thursday
2019-10-18,9,2019,10,18,Friday
2019-10-19,9,2019,10,19,Saturday
2019-10-20,9,2019,10,20,Sunday
2019-10-21,9,2019,10,21,Monday
2019-10-22,9,2019,10,22,Tuesday
2019-10-23,9,2019,10,23,Wednesday
2019-10-24,9,2019,10,24,Thursday
2019-10-25,9,2019,10,25,Friday
2019-10-26,9,2019,10,26,Saturday
2019-10-27,9,2019,10,27,Sunday
2019-10-28,9,2019,10,28,Monday
2019-10-30,9,2019,10,30,Wednesday
2019-10-31,9,2019,10,31,Thursday
2019-11-02,9,2019,11,2,Saturday
2019-11-03,9,2019,11,3,Sunday
2019-11-04,9,2019,11,4,Monday
2019-11-05,9,2019,11,5,Tuesday
2019-11-06,9,2019,11,6,Wednesday
2019-11-07,9,2019,11,7,Thursday
2019-11-08,9,2019,11,8,Friday
2019-11-09,9,2019,11,9,Saturday
2019-11-10,9,2019,11,10,Sunday
2019-11-11,9,2019,11,11,Monday
2019-11-12,9,2019,11,12,Tuesday
2019-11-13,9,2019,11,13,Wednesday
2019-11-14,9,2019,11,14,Thursday
2019-11-15,9,2019,11,15,Friday
2019-11-16,9,2019,11,16,Saturday
2019-11-17,9,2019,11,17,Sunday
2019-11-18,9,2019,11,18,Monday
2019-11-19,9,2019,11,19,Tuesday
2019-11-20,9,2019,11,20,Wednesday
2019-11-21,9,2019,11,21,Thursday
2019-11-22,9,2019,11,22,Friday
2019-11-23,9,2019,11,23,Saturday
2019-11-24,9,2019,11,24,Sunday
2019-11-25,9,2019,11,25,Monday
2019-11-26,9,2019,11,26,Tuesday
2019-11-27,9,2019,11,27,Wednesday
2019-11-28,9,2019,11,28,Thursday
2019-11-29,9,2019,11,29,Friday
2019-11-30,9,2019,11,30,Saturday
2019-12-01,9,2019,12,1,Sunday
2019-12-02,9,2019,12,2,Monday
2019-12-03,9,2019,12,3,Tuesday
2019-12-04,9,2019,12,4,Wednesday
2019-12-05,9,2019,12,5,Thursday
2019-12-06,9,2019,12,6,Friday
2019-12-07,9,2019,12,7,Saturday
2019-12-08,9,2019,12,8,Sunday
2019-12-10,9,2019,12,10,Tuesday
2019-12-11,9,2019,12,11,Wednesday
2019-12-12,9,2019,12,12,Thursday
2019-12-13,9,2019,12,13,Friday
2019-12-14,9,2019,12,14,Saturday
2019-12-15,9,2019,12,15,Sunday
2019-12-16,9,2019,12,16,Monday
2019-12-17,9,2019,12,17,Tuesday
2019-12-18,9,2019,12,18,Wednesday
2019-12-19,9,2019,12,19,Thursday
2019-12-20,9,2019,12,20,Friday
2019-12-21,9,2019,12,21,Saturday
2019-12-22,9,2019,12,22,Sunday
2019-12-23,9,2019,12,23,Monday
2019-12-24,9,2019,12,24,Tuesday
2019-12-25,9,2019,12,25,Wednesday
2019-12-26,9,2019,12,26,Thursday
2019-12-28,9,2019,12,28,Saturday
2019-12-29,9,2019,12,29,Sunday
2020-01-07,9,2020,1,7,Tuesday
2020-01-08,9,2020,1,8,Wednesday
2020-01-09,9,2020,1,9,Thursday
2020-01-10,9,2020,1,10,Friday
2020-01-11,9,2020,1,11,Saturday
2020-01-12,9,2020,1,12,Sunday
2020-01-13,9,2020,1,13,Monday
2020-01-14,9,2020,1,14,Tuesday
2020-01-15,9,2020,1,15,Wednesday
2020-01-16,9,2020,1,16,Thursday
2020-01-17,9,2020,1,17,Friday
2020-01-18,9,2020,1,18,Saturday
2020-01-19,9,2020,1,19,Sunday
2020-01-20,9,2020,1,20,Monday
2020-01-21,9,2020,1,21,Tuesday
2020-01-22,9,2020,1,22,Wednesday
2020-01-23,9,2020,1,23,Thursday
2020-01-24,9,2020,1,24,Friday
2020-01-27,9,2020,1,27,Monday
2020-01-28,9,2020,1,28,Tuesday
2020-01-29,9,2020,1,29,Wednesday
2020-01-30,9,2020,1,30,Thursday
2020-01-31,9,2020,1,31,Friday
2020-02-01,9,2020,2,1,Saturday
2020-02-02,9,2020,2,2,Sunday
2020-02-04,9,2020,2,4,Tuesday
2020-02-05,9,2020,2,5,Wednesday
2020-02-06,9,2020,2,6,Thursday
2020-02-07,9,2020,2,7,Friday
2020-02-08,9,2020,2,8,Saturday
2020-02-09,9,2020,2,9,Sunday
2020-02-10,9,2020,2,10,Monday
2020-02-11,9,2020,2,11,Tuesday
2020-02-12,9,2020,2,12,Wednesday
2020-02-13,9,2020,2,13,Thursday
2020-02-14,9,2020,2,14,Friday
2020-02-15,9,2020,2,15,Saturday
2020-02-16,9,2020,2,16,Sunday
2020-02-17,9,2020,2,17,Monday
2020-02-18,9,2020,2,18,Tuesday
2020-02-19,9,2020,2,19,Wednesday
2020-02-20,9,2020,2,20,Thursday
2020-02-21,9,2020,2,21,Friday
2020-02-22,9,2020,2,22,Saturday
2020-02-23,9,2020,2,23,Sunday
2020-02-24,9,2020,2,24,Monday
2020-02-25,9,2020,2,25,Tuesday
2020-02-26,9,2020,2,26,Wednesday
2020-02-27,9,2020,2,27,Thursday
2020-02-28,9,2020,2,28,Friday
2020-02-29,9,2020,2,29,Saturday
2020-03-01,9,2020,3,1,Sunday
2020-03-02,9,2020,3,2,Monday
2020-03-03,9,2020,3,3,Tuesday
2020-03-04,9,2020,3,4,Wednesday
2020-03-05,9,2020,3,5,Thursday
2020-03-06,9,2020,3,6,Friday
2020-03-07,9,2020,3,7,Saturday
2020-03-08,9,2020,3,8,Sunday
2020-03-09,9,2020,3,9,Monday
2020-03-10,9,2020,3,10,Tuesday
2020-03-11,9,2020,3,11,Wednesday
2020-03-12,9,2020,3,12,Thursday
2020-03-13,9,2020,3,13,Friday
2020-03-14,9,2020,3,14,Saturday
2020-03-15,9,2020,3,15,Sunday
2020-03-16,9,2020,3,16,Monday
2020-03-17,9,2020,3,17,Tuesday
2020-03-18,9,2020,3,18,Wednesday
2020-03-19,9,2020,3,19,Thursday
2020-03-20,9,2020,3,20,Friday
2020-03-21,9,2020,3,21,Saturday
2020-03-22,9,2020,3,22,Sunday
2020-03-23,9,2020,3,23,Monday
2020-03-25,9,2020,3,25,Wednesday
2020-03-26,9,2020,3,26,Thursday
2020-03-27,9,2020,3,27,Friday
2020-03-28,9,2020,3,28,Saturday
2020-03-29,9,2020,3,29,Sunday
2020-03-30,9,2020,3,30,Monday
2020-03-31,9,2020,3,31,Tuesday
2020-04-01,9,2020,4,1,Wednesday
2020-04-02,9,2020,4,2,Thursday
2020-04-03,9,2020,4,3,Friday
2020-04-04,9,2020,4,4,Saturday
2020-04-05,9,2020,4,5,Sunday
2020-04-06,9,2020,4,6,Monday
2020-04-07,9,2020,4,7,Tuesday
2020-04-08,9,2020,4,8,Wednesday
2020-04-09,9,2020,4,9,Thursday
2020-04-10,9,2020,4,10,Friday
2020-04-11,9,2020,4,11,Saturday
2020-04-12,9,2020,4,12,Sunday
2020-04-13,9,2020,4,13,Monday
2020-04-14,9,2020,4,14,Tuesday
2020-04-15,9,2020,4,15,Wednesday
2020-04-16,9,2020,4,16,Thursday
2020-04-17,9,2020,4,17,Friday
2020-04-18,9,2020,4,18,Saturday
2020-04-19,9,2020,4,19,Sunday
2020-04-20,9,2020,4,20,Monday
2020-04-21,9,2020,4,21,Tuesday
2020-04-22,9,2020,4,22,Wednesday
2020-04-23,9,2020,4,23,Thursday
2020-04-24,9,2020,4,24,Friday
2020-04-27,9,2020,4,27,Monday
2020-04-28,9,2020,4,28,Tuesday
2020-04-29,9,2020,4,29,Wednesday
2020-04-30,9,2020,4,30,Thursday
2020-05-01,9,2020,5,1,Friday
2020-05-02,9,2020,5,2,Saturday
2020-05-03,9,2020,5,3,Sunday
2020-05-04,9,2020,5,4,Monday
2020-05-05,9,2020,5,5,Tuesday
2020-05-06,9,2020,5,6,Wednesday
2020-05-07,9,2020,5,7,Thursday
2020-05-08,9,2020,5,8,Friday
2020-05-09,9,2020,5,9,Saturday
2020-05-10,9,2020,5,10,Sunday
2020-05-11,9,2020,5,11,Monday
2020-05-12,9,2020,5,12,Tuesday
2020-05-13,9,2020,5,13,Wednesday
2020-05-15,9,2020,5,15,Friday
2020-05-16,9,2020,5,16,Saturday
2020-05-17,9,2020,5,17,Sunday
2020-05-18,9,2020,5,18,Monday
2020-05-19,9,2020,5,19,Tuesday
2020-05-20,9,2020,5,20,Wednesday
2020-05-21,9,2020,5,21,Thursday
2020-05-22,9,2020,5,22,Friday
2020-05-23,9,2020,5,23,Saturday
2020-05-24,9,2020,5,24,Sunday
2020-05-25,9,2020,5,25,Monday
2020-05-26,9,2020,5,26,Tuesday
2020-05-27,9,2020,5,27,Wednesday
2020-05-28,9,2020,5,28,Thursday
2020-05-29,9,2020,5,29,Friday
2020-05-30,9,2020,5,30,Saturday
2020-05-31,9,2020,5,31,Sunday
2020-06-01,9,2020,6,1,Monday
2020-06-02,9,2020,6,2,Tuesday
2020-06-03,9,2020,6,3,Wednesday
2020-06-04,9,2020,6,4,Thursday
2020-06-05,9,2020,6,5,Friday
2020-06-06,9,2020,6,6,Saturday
2020-06-07,9,2020,6,7,Sunday
2020-06-08,9,2020,6,8,Monday
2020-06-09,9,2020,6,9,Tuesday
2020-06-10,9,2020,6,10,Wednesday
2020-06-11,9,2020,6,11,Thursday
2020-06-12,9,2020,6,12,Friday
2020-06-13,9,2020,6,13,Saturday
2020-06-14,9,2020,6,14,Sunday
2020-06-15,9,2020,6,15,Monday
2020-06-16,9,2020,6,16,Tuesday
2020-06-17,9,2020,6,17,Wednesday
2020-06-18,9,2020,6,18,Thursday
2020-06-19,9,2020,6,19,Friday
2020-06-20,9,2020,6,20,Saturday
2020-06-21,9,2020,6,21,Sunday
2020-06-22,9,2020,6,22,Monday
2020-06-23,9,2020,6,23,Tuesday
2020-06-24,9,2020,6,24,Wednesday
2020-06-25,9,2020,6,25,Thursday
2020-06-26,9,2020,6,26,Friday
2020-06-27,9,2020,6,27,Saturday
2020-06-28,9,2020,6,28,Sunday
2020-06-29,9,2020,6,29,Monday
2020-06-30,9,2020,6,30,Tuesday
2020-07-02,9,2020,7,2,Thursday
2020-07-03,9,2020,7,3,Friday
2020-07-04,9,2020,7,4,Saturday
2020-07-05,9,2020,7,5,Sunday
2020-07-06,9,2020,7,6,Monday
2020-07-07,9,2020,7,7,Tuesday
2020-07-08,9,2020,7,8,Wednesday
2020-07-09,9,2020,7,9,Thursday
2020-07-10,9,2020,7,10,Friday
2020-07-11,9,2020,7,11,Saturday
2020-07-12,9,2020,7,12,Sunday
2020-07-18,9,2020,7,18,Saturday
2020-07-19,9,2020,7,19,Sunday
2020-07-20,9,2020,7,20,Monday
2020-07-21,9,2020,7,21,Tuesday
2020-07-22,9,2020,7,22,Wednesday
2020-07-23,9,2020,7,23,Thursday
2020-07-24,9,2020,7,24,Friday
2020-07-25,9,2020,7,25,Saturday
2020-07-26,9,2020,7,26,Sunday
2020-07-27,9,2020,7,27,Monday
2020-07-28,9,2020,7,28,Tuesday
2020-07-29,9,2020,7,29,Wednesday
2020-07-30,9,2020,7,30,Thursday
2020-07-31,9,2020,7,31,Friday
2020-08-01,9,2020,8,1,Saturday
2020-08-02,9,2020,8,2,Sunday
2020-08-03,9,2020,8,3,Monday
2020-08-04,9,2020,8,4,Tuesday
2020-08-05,9,2020,8,5,Wednesday
2020-08-06,9,2020,8,6,Thursday
2020-08-07,9,2020,8,7,Friday
2020-08-08,9,2020,8,8,Saturday
2020-08-09,9,2020,8,9,Sunday
2020-08-10,9,2020,8,10,Monday
2020-08-11,9,2020,8,11,Tuesday
2020-08-12,9,2020,8,12,Wednesday
2020-08-26,9,2020,8,26,Wednesday
2020-08-27,9,2020,8,27,Thursday
2020-08-28,9,2020,8,28,Friday
2020-08-29,9,2020,8,29,Saturday
2020-08-30,9,2020,8,30,Sunday
2020-08-31,9,2020,8,31,Monday
2020-09-01,9,2020,9,1,Tuesday
2020-09-02,9,2020,9,2,Wednesday
2020-09-03,9,2020,9,3,Thursday
2020-09-04,9,2020,9,4,Friday
2020-09-05,9,2020,9,5,Saturday
2020-09-06,9,2020,9,6,Sunday
2020-09-07,9,2020,9,7,Monday
2020-09-08,9,2020,9,8,Tuesday
2020-09-09,9,2020,9,9,Wednesday
2020-09-10,9,2020,9,10,Thursday
2020-09-11,9,2020,9,11,Friday
2020-09-12,9,2020,9,12,Saturday
2020-09-13,9,2020,9,13,Sunday
2020-09-15,9,2020,9,15,Tuesday
2020-09-16,9,2020,9,16,Wednesday
2020-09-17,9,2020,9,17,Thursday
2020-09-18,9,2020,9,18,Friday
2020-09-19,9,2020,9,19,Saturday
2020-09-20,9,2020,9,20,Sunday
2020-09-21,9,2020,9,21,Monday
2020-09-22,9,2020,9,22,Tuesday
2020-09-23,9,2020,9,23,Wednesday
2020-09-24,9,2020,9,24,Thursday
2020-09-25,9,2020,9,25,Friday
2020-09-26,9,2020,9,26,Saturday
2020-09-27,9,2020,9,27,Sunday
2020-09-28,9,2020,9,28,Monday
2020-09-29,9,2020,9,29,Tuesday
2020-09-30,9,2020,9,30,Wednesday
2020-10-01,9,2020,10,1,Thursday
2020-10-02,9,2020,10,2,Friday
2020-10-03,9,2020,10,3,Saturday
2020-10-04,9,2020,10,4,Sunday
2020-10-05,9,2020,10,5,Monday
2020-10-06,9,2020,10,6,Tuesday
2020-10-07,9,2020,10,7,Wednesday
2020-10-08,9,2020,10,8,Thursday
2020-10-09,9,2020,10,9,Friday
2020-10-10,9,2020,10,10,Saturday
2020-10-11,9,2020,10,11,Sunday
2020-10-12,9,2020,10,12,Monday
2020-10-13,9,2020,10,13,Tuesday
2020-10-14,9,2020,10,14,Wednesday
2020-10-15,9,2020,10,15,Thursday
2020-10-16,9,2020,10,16,Friday
2020-10-17,9,2020,10,17,Saturday
2020-10-18,9,2020,10,18,Sunday
2020-10-19,9,2020,10,19,Monday
2020-10-20,9,2020,10,20,Tuesday
2020-10-21,9,2020,10,21,Wednesday
2020-10-22,9,2020,10,22,Thursday
2020-10-23,9,2020,10,23,Friday
2020-10-24,9,2020,10,24,Saturday
2020-10-25,9,2020,10,25,Sunday
2020-10-26,9,2020,10,26,Monday
2020-10-27,9,2020,10,27,Tuesday
2020-10-28,9,2020,10,28,Wednesday
2020-10-29,9,2020,10,29,Thursday
2020-10-30,9,2020,10,30,Friday
2020-10-31,9,2020,10,31,Saturday
2020-11-01,9,2020,11,1,Sunday
2020-11-02,9,2020,11,2,Monday
2020-11-03,9,2020,11,3,Tuesday
2020-11-05,9,2020,11,5,Thursday
2020-11-06,9,2020,11,6,Friday
2020-11-07,9,2020,11,7,Saturday
2020-11-08,9,2020,11,8,Sunday
2020-11-09,9,2020,11,9,Monday
2020-11-10,9,2020,11,10,Tuesday
2020-11-11,9,2020,11,11,Wednesday
2020-11-12,9,2020,11,12,Thursday
2020-11-13,9,2020,11,13,Friday
2020-11-14,9,2020,11,14,Saturday
2020-11-15,9,2020,11,15,Sunday
2020-11-16,9,2020,11,16,Monday
2020-11-17,9,2020,11,17,Tuesday
2020-11-18,9,2020,11,18,Wednesday
2020-11-19,9,2020,11,19,Thursday
2020-11-20,9,2020,11,20,Friday
2020-11-21,9,2020,11,21,Saturday
2020-11-22,9,2020,11,22,Sunday
2020-11-23,9,2020,11,23,Monday
2020-11-24,9,2020,11,24,Tuesday
2020-11-25,9,2020,11,25,Wednesday
2020-11-28,9,2020,11,28,Saturday
2020-11-29,9,2020,11,29,Sunday
2020-11-30,9,2020,11,30,Monday
2020-12-01,9,2020,12,1,Tuesday
2020-12-02,9,2020,12,2,Wednesday
2020-12-03,9,2020,12,3,Thursday
2020-12-07,9,2020,12,7,Monday
2020-12-08,9,2020,12,8,Tuesday
2020-12-09,9,2020,12,9,Wednesday
2020-12-10,9,2020,12,10,Thursday
2020-12-11,9,2020,12,11,Friday
2021-01-06,9,2021,1,6,Wednesday
2021-01-14,9,2021,1,14,Thursday
2021-01-15,9,2021,1,15,Friday
2021-01-16,9,2021,1,16,Saturday
2021-01-17,9,2021,1,17,Sunday
2021-01-18,9,2021,1,18,Monday
2021-01-19,9,2021,1,19,Tuesday
2021-01-23,9,2021,1,23,Saturday
2021-01-24,9,2021,1,24,Sunday
2021-01-25,9,2021,1,25,Monday
2021-01-27,9,2021,1,27,Wednesday
2021-01-28,9,2021,1,28,Thursday
2021-01-29,9,2021,1,29,Friday
2021-01-30,9,2021,1,30,Saturday
2021-01-31,9,2021,1,31,Sunday
2021-02-01,9,2021,2,1,Monday
2021-02-02,9,2021,2,2,Tuesday
2021-02-03,9,2021,2,3,Wednesday
2021-02-04,9,2021,2,4,Thursday
2021-02-05,9,2021,2,5,Friday
2021-02-07,9,2021,2,7,Sunday
2021-02-08,9,2021,2,8,Monday
2021-02-10,9,2021,2,10,Wednesday
2021-02-11,9,2021,2,11,Thursday
2021-02-12,9,2021,2,12,Friday
2021-02-13,9,2021,2,13,Saturday
2021-02-14,9,2021,2,14,Sunday
2021-02-16,9,2021,2,16,Tuesday
2021-02-17,9,2021,2,17,Wednesday
2021-02-18,9,2021,2,18,Thursday
2021-02-19,9,2021,2,19,Friday
2021-02-20,9,2021,2,20,Saturday
2021-02-21,9,2021,2,21,Sunday
2021-02-22,9,2021,2,22,Monday
2021-02-23,9,2021,2,23,Tuesday
2021-02-24,9,2021,2,24,Wednesday
2021-02-25,9,2021,2,25,Thursday
2021-02-26,9,2021,2,26,Friday
2021-02-27,9,2021,2,27,Saturday
2021-02-28,9,2021,2,28,Sunday
2021-03-01,9,2021,3,1,Monday
2021-03-05,9,2021,3,5,Friday
2021-03-06,9,2021,3,6,Saturday
2021-03-07,9,2021,3,7,Sunday
2021-03-08,9,2021,3,8,Monday
2021-03-16,9,2021,3,16,Tuesday
2021-03-18,9,2021,3,18,Thursday
2021-03-19,9,2021,3,19,Friday
2021-03-20,9,2021,3,20,Saturday
2021-03-21,9,2021,3,21,Sunday
2021-03-22,9,2021,3,22,Monday
2021-03-23,9,2021,3,23,Tuesday
2021-03-24,9,2021,3,24,Wednesday
2021-03-25,9,2021,3,25,Thursday
2021-03-26,9,2021,3,26,Friday
2021-03-27,9,2021,3,27,Saturday
2021-03-28,9,2021,3,28,Sunday
2021-03-29,9,2021,3,29,Monday
2021-03-30,9,2021,3,30,Tuesday
2021-03-31,9,2021,3,31,Wednesday
2021-04-01,9,2021,4,1,Thursday
2021-04-02,9,2021,4,2,Friday
2021-04-03,9,2021,4,3,Saturday
2021-04-04,9,2021,4,4,Sunday
2021-04-05,9,2021,4,5,Monday
2021-04-06,9,2021,4,6,Tuesday
2021-04-07,9,2021,4,7,Wednesday
2021-04-08,9,2021,4,8,Thursday
2021-04-09,9,2021,4,9,Friday
2021-04-10,9,2021,4,10,Saturday
2021-04-11,9,2021,4,11,Sunday
2021-04-12,9,2021,4,12,Monday
2021-04-15,9,2021,4,15,Thursday
2021-04-16,9,2021,4,16,Friday
2021-04-17,9,2021,4,17,Saturday
2021-04-18,9,2021,4,18,Sunday
2021-04-19,9,2021,4,19,Monday
2021-04-20,9,2021,4,20,Tuesday
2021-04-21,9,2021,4,21,Wednesday
2021-04-22,9,2021,4,22,Thursday
2021-04-23,9,2021,4,23,Friday
2021-04-24,9,2021,4,24,Saturday
2021-04-25,9,2021,4,25,Sunday
2021-04-26,9,2021,4,26,Monday
2021-04-27,9,2021,4,27,Tuesday
2021-04-28,9,2021,4,28,Wednesday
2021-04-29,9,2021,4,29,Thursday
2021-04-30,9,2021,4,30,Friday
2021-05-01,9,2021,5,1,Saturday
2021-05-02,9,2021,5,2,Sunday
2021-05-03,9,2021,5,3,Monday
2021-05-04,9,2021,5,4,Tuesday
2021-05-05,9,2021,5,5,Wednesday
2021-05-06,9,2021,5,6,Thursday
2021-05-07,9,2021,5,7,Friday
2021-05-08,9,2021,5,8,Saturday
2021-05-09,9,2021,5,9,Sunday
2021-05-10,9,2021,5,10,Monday
2021-05-11,9,2021,5,11,Tuesday
2021-05-12,9,2021,5,12,Wednesday
2021-05-13,9,2021,5,13,Thursday
2021-05-14,9,2021,5,14,Friday
2021-05-15,9,2021,5,15,Saturday
2021-05-16,9,2021,5,16,Sunday
2021-05-17,9,2021,5,17,Monday
2021-05-18,9,2021,5,18,Tuesday
2021-05-19,9,2021,5,19,Wednesday
2021-05-20,9,2021,5,20,Thursday
2021-05-21,9,2021,5,21,Friday
2021-05-22,9,2021,5,22,Saturday
2021-05-23,9,2021,5,23,Sunday
2021-05-24,9,2021,5,24,Monday
2021-05-26,9,2021,5,26,Wednesday
2021-05-27,9,2021,5,27,Thursday
2021-05-28,9,2021,5,28,Friday
2021-05-29,9,2021,5,29,Saturday
2021-05-30,9,2021,5,30,Sunday
2021-05-31,9,2021,5,31,Monday
2021-06-01,9,2021,6,1,Tuesday
2021-06-02,9,2021,6,2,Wednesday
2021-06-03,9,2021,6,3,Thursday
2021-06-04,9,2021,6,4,Friday
2021-06-05,9,2021,6,5,Saturday
2021-06-06,9,2021,6,6,Sunday
2021-06-07,9,2021,6,7,Monday
2021-06-08,9,2021,6,8,Tuesday
2021-06-10,9,2021,6,10,Thursday
2021-06-11,9,2021,6,11,Friday
2021-06-12,9,2021,6,12,Saturday
2021-06-13,9,2021,6,13,Sunday
2021-06-14,9,2021,6,14,Monday
2021-06-15,9,2021,6,15,Tuesday
2021-06-16,9,2021,6,16,Wednesday
2021-06-17,9,2021,6,17,Thursday
2021-06-18,9,2021,6,18,Friday
2021-06-19,9,2021,6,19,Saturday
2021-06-20,9,2021,6,20,Sunday
2021-06-21,9,2021,6,21,Monday
2021-06-22,9,2021,6,22,Tuesday
2021-06-23,9,2021,6,23,Wednesday
2021-06-24,9,2021,6,24,Thursday
2021-06-25,9,2021,6,25,Friday
2021-06-26,9,2021,6,26,Saturday
2021-06-27,9,2021,6,27,Sunday
2021-06-28,9,2021,6,28,Monday
2021-06-29,9,2021,6,29,Tuesday
2021-06-30,9,2021,6,30,Wednesday
2021-07-01,9,2021,7,1,Thursday
2021-07-02,9,2021,7,2,Friday
2021-07-03,9,2021,7,3,Saturday
2021-07-04,9,2021,7,4,Sunday
2021-07-05,9,2021,7,5,Monday
2021-07-06,9,2021,7,6,Tuesday
2021-07-07,9,2021,7,7,Wednesday
2021-07-09,9,2021,7,9,Friday
2021-07-10,9,2021,7,10,Saturday
2021-07-11,9,2021,7,11,Sunday
2021-07-12,9,2021,7,12,Monday
2021-07-13,9,2021,7,13,Tuesday
2021-07-18,9,2021,7,18,Sunday
2021-07-19,9,2021,7,19,Monday
2021-07-21,9,2021,7,21,Wednesday
2021-07-22,9,2021,7,22,Thursday
2021-07-24,9,2021,7,24,Saturday
2021-07-25,9,2021,7,25,Sunday
2021-07-26,9,2021,7,26,Monday
2021-07-28,9,2021,7,28,Wednesday
2021-07-29,9,2021,7,29,Thursday
2021-07-30,9,2021,7,30,Friday
2021-07-31,9,2021,7,31,Saturday
2021-08-01,9,2021,8,1,Sunday
2021-08-02,9,2021,8,2,Monday
2021-08-03,9,2021,8,3,Tuesday
2021-08-04,9,2021,8,4,Wednesday
2021-08-05,9,2021,8,5,Thursday
2021-08-06,9,2021,8,6,Friday
2021-08-07,9,2021,8,7,Saturday
2021-08-08,9,2021,8,8,Sunday
2021-08-09,9,2021,8,9,Monday
2021-08-10,9,2021,8,10,Tuesday
2021-08-11,9,2021,8,11,Wednesday
2021-08-12,9,2021,8,12,Thursday
2021-08-13,9,2021,8,13,Friday
2021-08-14,9,2021,8,14,Saturday
2021-08-15,9,2021,8,15,Sunday
2021-08-16,9,2021,8,16,Monday
2021-08-17,9,2021,8,17,Tuesday
2021-08-18,9,2021,8,18,Wednesday
2021-08-19,9,2021,8,19,Thursday
2021-08-20,9,2021,8,20,Friday
2021-08-21,9,2021,8,21,Saturday
2021-08-22,9,2021,8,22,Sunday
2021-08-23,9,2021,8,23,Monday
2021-08-24,9,2021,8,24,Tuesday
2021-08-25,9,2021,8,25,Wednesday
2021-08-26,9,2021,8,26,Thursday
2021-08-27,9,2021,8,27,Friday
2021-08-28,9,2021,8,28,Saturday
2021-08-29,9,2021,8,29,Sunday
2021-08-30,9,2021,8,30,Monday
2021-08-31,9,2021,8,31,Tuesday
2021-09-01,9,2021,9,1,Wednesday
2021-09-02,9,2021,9,2,Thursday
2021-09-03,9,2021,9,3,Friday
2021-09-04,9,2021,9,4,Saturday
2021-09-05,9,2021,9,5,Sunday
2021-09-06,9,2021,9,6,Monday
2021-09-07,9,2021,9,7,Tuesday
2021-09-08,9,2021,9,8,Wednesday
2021-09-09,9,2021,9,9,Thursday
2021-09-10,9,2021,9,10,Friday
2021-09-11,9,2021,9,11,Saturday
2021-09-12,9,2021,9,12,Sunday
2021-09-13,9,2021,9,13,Monday
2021-09-14,9,2021,9,14,Tuesday
2021-09-17,9,2021,9,17,Friday
2021-09-18,9,2021,9,18,Saturday
2021-09-19,9,2021,9,19,Sunday
2021-09-20,9,2021,9,20,Monday
2021-09-21,9,2021,9,21,Tuesday
2021-09-22,9,2021,9,22,Wednesday
2021-09-23,9,2021,9,23,Thursday
2021-09-24,9,2021,9,24,Friday
2021-09-25,9,2021,9,25,Saturday
2021-09-26,9,2021,9,26,Sunday
2021-09-27,9,2021,9,27,Monday
2021-09-28,9,2021,9,28,Tuesday
2021-09-29,9,2021,9,29,Wednesday
2021-09-30,9,2021,9,30,Thursday
2021-10-01,9,2021,10,1,Friday
2021-10-02,9,2021,10,2,Saturday
2021-10-03,9,2021,10,3,Sunday
2021-10-04,9,2021,10,4,Monday
2021-10-05,9,2021,10,5,Tuesday
2021-10-06,9,2021,10,6,Wednesday
2021-10-07,9,2021,10,7,Thursday
2021-10-08,9,2021,10,8,Friday
2021-10-09,9,2021,10,9,Saturday
2021-10-10,9,2021,10,10,Sunday
2021-10-11,9,2021,10,11,Monday
2021-10-12,9,2021,10,12,Tuesday
2021-10-13,9,2021,10,13,Wednesday
2021-10-14,9,2021,10,14,Thursday
2021-10-15,9,2021,10,15,Friday
2021-10-16,9,2021,10,16,Saturday
2021-10-17,9,2021,10,17,Sunday
2021-10-18,9,2021,10,18,Monday
2021-10-19,9,2021,10,19,Tuesday
2021-10-20,9,2021,10,20,Wednesday
2021-10-21,9,2021,10,21,Thursday
2021-10-22,9,2021,10,22,Friday
2021-10-23,9,2021,10,23,Saturday
2021-10-24,9,2021,10,24,Sunday
2021-10-25,9,2021,10,25,Monday
2021-10-26,9,2021,10,26,Tuesday
2021-10-27,9,2021,10,27,Wednesday
2021-10-28,9,2021,10,28,Thursday
2021-10-29,9,2021,10,29,Friday
2021-10-30,9,2021,10,30,Saturday
2021-10-31,9,2021,10,31,Sunday
2021-11-01,9,2021,11,1,Monday
2021-11-02,9,2021,11,2,Tuesday
2021-11-03,9,2021,11,3,Wednesday
2021-11-04,9,2021,11,4,Thursday
2021-11-05,9,2021,11,5,Friday
2021-11-06,9,2021,11,6,Saturday
2021-11-07,9,2021,11,7,Sunday
2021-11-08,9,2021,11,8,Monday
2021-11-09,9,2021,11,9,Tuesday
2021-11-10,9,2021,11,10,Wednesday
2021-11-11,9,2021,11,11,Thursday
2021-11-12,9,2021,11,12,Friday
2021-11-13,9,2021,11,13,Saturday
2021-11-14,9,2021,11,14,Sunday
2021-11-15,9,2021,11,15,Monday
2021-11-16,9,2021,11,16,Tuesday
2021-11-17,9,2021,11,17,Wednesday
2021-11-18,9,2021,11,18,Thursday
2021-11-19,9,2021,11,19,Friday
2021-11-20,9,2021,11,20,Saturday
2021-11-21,9,2021,11,21,Sunday
2021-11-22,9,2021,11,22,Monday
2021-11-23,9,2021,11,23,Tuesday
2021-11-24,9,2021,11,24,Wednesday
2021-11-25,9,2021,11,25,Thursday
2021-11-26,9,2021,11,26,Friday
2021-11-27,9,2021,11,27,Saturday
2021-11-28,9,2021,11,28,Sunday
2021-11-29,9,2021,11,29,Monday
2021-11-30,9,2021,11,30,Tuesday
2021-12-01,9,2021,12,1,Wednesday
2021-12-02,9,2021,12,2,Thursday
2021-12-03,9,2021,12,3,Friday
2021-12-04,9,2021,12,4,Saturday
2021-12-05,9,2021,12,5,Sunday
2021-12-06,9,2021,12,6,Monday
2021-12-08,9,2021,12,8,Wednesday
2021-12-09,9,2021,12,9,Thursday
2021-12-10,9,2021,12,10,Friday
2021-12-11,9,2021,12,11,Saturday
2021-12-12,9,2021,12,12,Sunday
2021-12-13,9,2021,12,13,Monday
2021-12-14,9,2021,12,14,Tuesday
2021-12-15,9,2021,12,15,Wednesday
2021-12-16,9,2021,12,16,Thursday
2021-12-17,9,2021,12,17,Friday
2021-12-18,9,2021,12,18,Saturday
2021-12-19,9,2021,12,19,Sunday
2021-12-20,9,2021,12,20,Monday
2021-12-21,9,2021,12,21,Tuesday
2021-12-22,9,2021,12,22,Wednesday
2021-12-23,9,2021,12,23,Thursday
2021-12-24,9,2021,12,24,Friday
2021-12-25,9,2021,12,25,Saturday
2021-12-26,9,2021,12,26,Sunday
2021-12-27,9,2021,12,27,Monday
2021-12-28,9,2021,12,28,Tuesday
2021-12-29,9,2021,12,29,Wednesday
2021-12-30,9,2021,12,30,Thursday
2022-01-01,9,2022,1,1,Saturday
2022-01-02,9,2022,1,2,Sunday
2022-01-03,9,2022,1,3,Monday
2022-01-04,9,2022,1,4,Tuesday
2022-01-05,9,2022,1,5,Wednesday
2022-01-06,9,2022,1,6,Thursday
2022-01-07,9,2022,1,7,Friday
2022-01-08,9,2022,1,8,Saturday
2022-01-09,9,2022,1,9,Sunday
2022-01-10,9,2022,1,10,Monday
2022-01-11,9,2022,1,11,Tuesday
2022-01-12,9,2022,1,12,Wednesday
2022-01-13,9,2022,1,13,Thursday
2022-01-14,9,2022,1,14,Friday
2022-01-15,9,2022,1,15,Saturday
2022-01-16,9,2022,1,16,Sunday
2022-01-17,9,2022,1,17,Monday
2022-01-18,9,2022,1,18,Tuesday
2022-01-19,9,2022,1,19,Wednesday
2022-01-20,9,2022,1,20,Thursday
2022-01-21,9,2022,1,21,Friday
2022-01-22,9,2022,1,22,Saturday
2022-01-23,9,2022,1,23,Sunday
2022-01-24,9,2022,1,24,Monday
2022-01-25,9,2022,1,25,Tuesday
2022-01-26,9,2022,1,26,Wednesday
2022-01-27,9,2022,1,27,Thursday
2022-01-28,9,2022,1,28,Friday
2022-01-29,9,2022,1,29,Saturday
2022-01-30,9,2022,1,30,Sunday
2022-01-31,9,2022,1,31,Monday
2022-02-01,9,2022,2,1,Tuesday
2022-02-02,9,2022,2,2,Wednesday
2022-02-03,9,2022,2,3,Thursday
2022-02-04,9,2022,2,4,Friday
2022-02-05,9,2022,2,5,Saturday
2022-02-06,9,2022,2,6,Sunday
2022-02-07,9,2022,2,7,Monday
2022-02-10,9,2022,2,10,Thursday
2022-02-11,9,2022,2,11,Friday
2022-02-12,9,2022,2,12,Saturday
2022-02-13,9,2022,2,13,Sunday
2022-02-14,9,2022,2,14,Monday
2022-02-15,9,2022,2,15,Tuesday
2022-02-16,9,2022,2,16,Wednesday
2022-02-17,9,2022,2,17,Thursday
2022-02-18,9,2022,2,18,Friday
2022-02-19,9,2022,2,19,Saturday
2022-02-20,9,2022,2,20,Sunday
2022-02-21,9,2022,2,21,Monday
2022-02-22,9,2022,2,22,Tuesday
2022-02-23,9,2022,2,23,Wednesday
2022-02-24,9,2022,2,24,Thursday
2022-02-25,9,2022,2,25,Friday
2022-02-26,9,2022,2,26,Saturday
2022-02-27,9,2022,2,27,Sunday
2022-02-28,9,2022,2,28,Monday
2022-03-01,9,2022,3,1,Tuesday
2022-03-02,9,2022,3,2,Wednesday
2022-03-03,9,2022,3,3,Thursday
2022-03-04,9,2022,3,4,Friday
2022-03-05,9,2022,3,5,Saturday
2022-03-06,9,2022,3,6,Sunday
2022-03-07,9,2022,3,7,Monday
2022-03-08,9,2022,3,8,Tuesday
2022-03-09,9,2022,3,9,Wednesday
2022-03-10,9,2022,3,10,Thursday
2022-03-11,9,2022,3,11,Friday
2022-03-12,9,2022,3,12,Saturday
2022-03-13,9,2022,3,13,Sunday
2022-03-14,9,2022,3,14,Monday
2022-03-15,9,2022,3,15,Tuesday
2022-03-16,9,2022,3,16,Wednesday
2022-03-17,9,2022,3,17,Thursday
2022-03-18,9,2022,3,18,Friday
2022-03-19,9,2022,3,19,Saturday
2022-03-20,9,2022,3,20,Sunday
2022-03-22,9,2022,3,22,Tuesday
2022-03-23,9,2022,3,23,Wednesday
2022-03-24,9,2022,3,24,Thursday
2022-03-25,9,2022,3,25,Friday
2022-03-27,9,2022,3,27,Sunday
2022-03-28,9,2022,3,28,Monday
2022-03-29,9,2022,3,29,Tuesday
2022-03-30,9,2022,3,30,Wednesday
2022-03-31,9,2022,3,31,Thursday
2022-04-01,9,2022,4,1,Friday
2022-04-02,9,2022,4,2,Saturday
2022-04-03,9,2022,4,3,Sunday
2022-04-04,9,2022,4,4,Monday
2022-04-05,9,2022,4,5,Tuesday
2022-04-06,9,2022,4,6,Wednesday
2022-04-07,9,2022,4,7,Thursday
2022-04-08,9,2022,4,8,Friday
2022-04-09,9,2022,4,9,Saturday
2022-04-10,9,2022,4,10,Sunday
2022-04-11,9,2022,4,11,Monday
2022-04-12,9,2022,4,12,Tuesday
2022-04-14,9,2022,4,14,Thursday
2022-04-15,9,2022,4,15,Friday
2022-04-16,9,2022,4,16,Saturday
2022-04-17,9,2022,4,17,Sunday
2022-04-18,9,2022,4,18,Monday
2022-04-19,9,2022,4,19,Tuesday
2022-04-20,9,2022,4,20,Wednesday
2022-04-21,9,2022,4,21,Thursday
2022-04-22,9,2022,4,22,Friday
2022-04-23,9,2022,4,23,Saturday
2022-04-24,9,2022,4,24,Sunday
2022-04-25,9,2022,4,25,Monday
2022-04-26,9,2022,4,26,Tuesday
2022-04-27,9,2022,4,27,Wednesday
2022-04-28,9,2022,4,28,Thursday
2022-04-29,9,2022,4,29,Friday
2022-04-30,9,2022,4,30,Saturday
2022-05-01,9,2022,5,1,Sunday
2022-05-02,9,2022,5,2,Monday
2022-05-03,9,2022,5,3,Tuesday
2022-05-04,9,2022,5,4,Wednesday
2022-05-05,9,2022,5,5,Thursday
2022-05-06,9,2022,5,6,Friday
2022-05-07,9,2022,5,7,Saturday
2022-05-08,9,2022,5,8,Sunday
2022-05-09,9,2022,5,9,Monday
2022-05-10,9,2022,5,10,Tuesday
2022-05-11,9,2022,5,11,Wednesday
2022-05-12,9,2022,5,12,Thursday
2022-05-13,9,2022,5,13,Friday
2022-05-14,9,2022,5,14,Saturday
2022-05-15,9,2022,5,15,Sunday
2022-05-16,9,2022,5,16,Monday
2022-05-17,9,2022,5,17,Tuesday
2022-05-18,9,2022,5,18,Wednesday
2022-05-19,9,2022,5,19,Thursday
2022-05-20,9,2022,5,20,Friday
2022-05-21,9,2022,5,21,Saturday
2022-05-22,9,2022,5,22,Sunday
2022-05-23,9,2022,5,23,Monday
2022-05-24,9,2022,5,24,Tuesday
2022-05-25,9,2022,5,25,Wednesday
2022-05-26,9,2022,5,26,Thursday
2022-05-27,9,2022,5,27,Friday
2022-05-29,9,2022,5,29,Sunday
2022-05-30,9,2022,5,30,Monday
2022-05-31,9,2022,5,31,Tuesday
2022-06-01,9,2022,6,1,Wednesday
2022-06-02,9,2022,6,2,Thursday
2022-06-03,9,2022,6,3,Friday
2022-06-04,9,2022,6,4,Saturday
2022-06-05,9,2022,6,5,Sunday
2022-06-06,9,2022,6,6,Monday
2022-06-07,9,2022,6,7,Tuesday
2022-06-08,9,2022,6,8,Wednesday
2022-06-09,9,2022,6,9,Thursday
2022-06-10,9,2022,6,10,Friday
2022-06-11,9,2022,6,11,Saturday
2022-06-12,9,2022,6,12,Sunday
2022-06-13,9,2022,6,13,Monday
2022-06-15,9,2022,6,15,Wednesday
2022-06-16,9,2022,6,16,Thursday
2022-06-17,9,2022,6,17,Friday
2022-06-18,9,2022,6,18,Saturday
2022-06-20,9,2022,6,20,Monday
2022-06-21,9,2022,6,21,Tuesday
2022-06-22,9,2022,6,22,Wednesday
2022-06-23,9,2022,6,23,Thursday
2022-06-24,9,2022,6,24,Friday
2022-06-25,9,2022,6,25,Saturday
2022-06-26,9,2022,6,26,Sunday
2022-06-27,9,2022,6,27,Monday
2022-06-28,9,2022,6,28,Tuesday
2022-06-29,9,2022,6,29,Wednesday
2022-06-30,9,2022,6,30,Thursday
2022-07-01,9,2022,7,1,Friday
2022-07-02,9,2022,7,2,Saturday
2022-07-03,9,2022,7,3,Sunday
2022-07-04,9,2022,7,4,Monday
2022-07-05,9,2022,7,5,Tuesday
2022-07-06,9,2022,7,6,Wednesday
2022-07-07,9,2022,7,7,Thursday
2022-07-08,9,2022,7,8,Friday
2022-07-09,9,2022,7,9,Saturday
2022-07-10,9,2022,7,10,Sunday
2022-07-11,9,2022,7,11,Monday
2022-07-13,9,2022,7,13,Wednesday
2022-07-14,9,2022,7,14,Thursday
2022-07-15,9,2022,7,15,Friday
2022-07-16,9,2022,7,16,Saturday
2022-07-17,9,2022,7,17,Sunday
2022-07-18,9,2022,7,18,Monday
2022-07-19,9,2022,7,19,Tuesday
2022-07-20,9,2022,7,20,Wednesday
2022-07-21,9,2022,7,21,Thursday
2022-07-22,9,2022,7,22,Friday
2022-07-23,9,2022,7,23,Saturday
2022-07-24,9,2022,7,24,Sunday
2022-07-25,9,2022,7,25,Monday
2022-07-26,9,2022,7,26,Tuesday
2022-07-27,9,2022,7,27,Wednesday
2022-07-28,9,2022,7,28,Thursday
2022-07-29,9,2022,7,29,Friday
2022-07-30,9,2022,7,30,Saturday
2022-07-31,9,2022,7,31,Sunday
2022-08-01,9,2022,8,1,Monday
2022-08-02,9,2022,8,2,Tuesday
2022-08-03,9,2022,8,3,Wednesday
2022-08-04,9,2022,8,4,Thursday
2022-08-05,9,2022,8,5,Friday
2022-08-06,9,2022,8,6,Saturday
2022-08-07,9,2022,8,7,Sunday
2022-08-08,9,2022,8,8,Monday
2022-08-09,9,2022,8,9,Tuesday
2022-08-11,9,2022,8,11,Thursday
2022-08-12,9,2022,8,12,Friday
2022-08-13,9,2022,8,13,Saturday
2022-08-14,9,2022,8,14,Sunday
2022-08-15,9,2022,8,15,Monday
2022-08-16,9,2022,8,16,Tuesday
2022-08-17,9,2022,8,17,Wednesday
2022-08-18,9,2022,8,18,Thursday
2022-08-19,9,2022,8,19,Friday
2022-08-20,9,2022,8,20,Saturday
2022-08-21,9,2022,8,21,Sunday
2022-08-22,9,2022,8,22,Monday
2022-08-23,9,2022,8,23,Tuesday
2022-08-24,9,2022,8,24,Wednesday
2022-08-25,9,2022,8,25,Thursday
2022-08-26,9,2022,8,26,Friday
2022-08-27,9,2022,8,27,Saturday
2022-08-28,9,2022,8,28,Sunday
2022-08-29,9,2022,8,29,Monday
2022-08-30,9,2022,8,30,Tuesday
2022-08-31,9,2022,8,31,Wednesday
2022-09-01,9,2022,9,1,Thursday
2022-09-02,9,2022,9,2,Friday
2022-09-03,9,2022,9,3,Saturday
2022-09-04,9,2022,9,4,Sunday
2022-09-05,9,2022,9,5,Monday
2022-09-06,9,2022,9,6,Tuesday
2022-09-07,9,2022,9,7,Wednesday
2022-09-08,9,2022,9,8,Thursday
2022-09-09,9,2022,9,9,Friday
2022-09-10,9,2022,9,10,Saturday
2022-09-11,9,2022,9,11,Sunday
2022-09-12,9,2022,9,12,Monday
2022-09-13,9,2022,9,13,Tuesday
2022-09-14,9,2022,9,14,Wednesday
2022-09-15,9,2022,9,15,Thursday
2022-09-16,9,2022,9,16,Friday
2022-09-17,9,2022,9,17,Saturday
2022-09-18,9,2022,9,18,Sunday
2022-09-19,9,2022,9,19,Monday
2022-09-20,9,2022,9,20,Tuesday
2022-09-21,9,2022,9,21,Wednesday
2022-09-22,9,2022,9,22,Thursday
2022-09-23,9,2022,9,23,Friday
2022-09-24,9,2022,9,24,Saturday
2022-09-25,9,2022,9,25,Sunday
2022-09-26,9,2022,9,26,Monday
2022-09-27,9,2022,9,27,Tuesday
2022-09-28,9,2022,9,28,Wednesday
2022-09-29,9,2022,9,29,Thursday
2022-09-30,9,2022,9,30,Friday
2022-10-01,9,2022,10,1,Saturday
2022-10-02,9,2022,10,2,Sunday
2022-10-03,9,2022,10,3,Monday
2022-10-04,9,2022,10,4,Tuesday
2022-10-05,9,2022,10,5,Wednesday
2022-10-06,9,2022,10,6,Thursday
2022-10-07,9,2022,10,7,Friday
2022-10-08,9,2022,10,8,Saturday
2022-10-09,9,2022,10,9,Sunday
2022-10-10,9,2022,10,10,Monday
2022-10-11,9,2022,10,11,Tuesday
2022-10-12,9,2022,10,12,Wednesday
2022-10-14,9,2022,10,14,Friday
2022-10-15,9,2022,10,15,Saturday
2022-10-16,9,2022,10,16,Sunday
2022-10-17,9,2022,10,17,Monday
2022-10-18,9,2022,10,18,Tuesday
2022-10-19,9,2022,10,19,Wednesday
2022-10-20,9,2022,10,20,Thursday
2022-10-21,9,2022,10,21,Friday
2022-10-22,9,2022,10,22,Saturday
2022-10-23,9,2022,10,23,Sunday
2022-10-24,9,2022,10,24,Monday
2022-10-25,9,2022,10,25,Tuesday
2022-10-26,9,2022,10,26,Wednesday
2022-10-27,9,2022,10,27,Thursday
2022-10-28,9,2022,10,28,Friday
2022-10-29,9,2022,10,29,Saturday
2022-10-30,9,2022,10,30,Sunday
2022-10-31,9,2022,10,31,Monday
2022-11-01,9,2022,11,1,Tuesday
2022-11-02,9,2022,11,2,Wednesday
2022-11-03,9,2022,11,3,Thursday
2022-11-04,9,2022,11,4,Friday
2022-11-05,9,2022,11,5,Saturday
2022-11-06,9,2022,11,6,Sunday
2022-11-07,9,2022,11,7,Monday
2022-11-08,9,2022,11,8,Tuesday
2022-11-09,9,2022,11,9,Wednesday
2022-11-10,9,2022,11,10,Thursday
2022-11-11,9,2022,11,11,Friday
2022-11-12,9,2022,11,12,Saturday
2022-11-13,9,2022,11,13,Sunday
2022-11-14,9,2022,11,14,Monday
2022-11-15,9,2022,11,15,Tuesday
2022-11-16,9,2022,11,16,Wednesday
2022-11-17,9,2022,11,17,Thursday
2022-11-18,9,2022,11,18,Friday
2022-11-19,9,2022,11,19,Saturday
2022-11-20,9,2022,11,20,Sunday
2022-11-21,9,2022,11,21,Monday
2022-11-23,9,2022,11,23,Wednesday
2022-11-24,9,2022,11,24,Thursday
2022-11-25,9,2022,11,25,Friday
2022-11-26,9,2022,11,26,Saturday
2022-11-27,9,2022,11,27,Sunday
2022-11-28,9,2022,11,28,Monday
2022-11-29,9,2022,11,29,Tuesday
2022-11-30,9,2022,11,30,Wednesday
2022-12-01,9,2022,12,1,Thursday
2022-12-02,9,2022,12,2,Friday
2022-12-03,9,2022,12,3,Saturday
2022-12-04,9,2022,12,4,Sunday
2022-12-05,9,2022,12,5,Monday
2022-12-06,9,2022,12,6,Tuesday
2022-12-07,9,2022,12,7,Wednesday
2022-12-08,9,2022,12,8,Thursday
2022-12-09,9,2022,12,9,Friday
2022-12-10,9,2022,12,10,Saturday
2022-12-11,9,2022,12,11,Sunday
2022-12-12,9,2022,12,12,Monday
2022-12-13,9,2022,12,13,Tuesday
2022-12-14,9,2022,12,14,Wednesday
2022-12-15,9,2022,12,15,Thursday
2022-12-16,9,2022,12,16,Friday
2022-12-17,9,2022,12,17,Saturday
2022-12-18,9,2022,12,18,Sunday
2022-12-19,9,2022,12,19,Monday
2022-12-20,9,2022,12,20,Tuesday
2022-12-21,9,2022,12,21,Wednesday
2022-12-22,9,2022,12,22,Thursday
2022-12-23,9,2022,12,23,Friday
2022-12-24,9,2022,12,24,Saturday
2022-12-25,9,2022,12,25,Sunday
2022-12-26,9,2022,12,26,Monday
2022-12-27,9,2022,12,27,Tuesday
2022-12-28,9,2022,12,28,Wednesday
2022-12-29,9,2022,12,29,Thursday
2023-01-01,9,2023,1,1,Sunday
2023-01-02,9,2023,1,2,Monday
2023-01-03,9,2023,1,3,Tuesday
2023-01-04,9,2023,1,4,Wednesday
2023-01-05,9,2023,1,5,Thursday
2023-01-06,9,2023,1,6,Friday
2023-01-07,9,2023,1,7,Saturday
2023-01-08,9,2023,1,8,Sunday
2023-01-09,9,2023,1,9,Monday
2023-01-11,9,2023,1,11,Wednesday
2023-01-12,9,2023,1,12,Thursday
2023-01-13,9,2023,1,13,Friday
2023-01-14,9,2023,1,14,Saturday
2023-01-15,9,2023,1,15,Sunday
2023-01-16,9,2023,1,16,Monday
2023-01-17,9,2023,1,17,Tuesday
2023-01-18,9,2023,1,18,Wednesday
2023-01-19,9,2023,1,19,Thursday
2023-01-20,9,2023,1,20,Friday
2023-01-21,9,2023,1,21,Saturday
2023-01-22,9,2023,1,22,Sunday
2023-01-23,9,2023,1,23,Monday
2023-01-24,9,2023,1,24,Tuesday
2023-01-25,9,2023,1,25,Wednesday
2023-01-26,9,2023,1,26,Thursday
2023-01-27,9,2023,1,27,Friday
2023-01-28,9,2023,1,28,Saturday
2023-01-29,9,2023,1,29,Sunday
2023-01-30,9,2023,1,30,Monday
2023-01-31,9,2023,1,31,Tuesday
2023-02-01,9,2023,2,1,Wednesday
2023-02-02,9,2023,2,2,Thursday
2023-02-03,9,2023,2,3,Friday
2023-02-04,9,2023,2,4,Saturday
2023-02-05,9,2023,2,5,Sunday
2023-02-06,9,2023,2,6,Monday
2023-02-07,9,2023,2,7,Tuesday
2023-02-08,9,2023,2,8,Wednesday
2023-02-09,9,2023,2,9,Thursday
2023-02-10,9,2023,2,10,Friday
2023-02-11,9,2023,2,11,Saturday
2023-02-12,9,2023,2,12,Sunday
2023-02-13,9,2023,2,13,Monday
2023-02-16,9,2023,2,16,Thursday
2023-02-17,9,2023,2,17,Friday
2023-02-18,9,2023,2,18,Saturday
2023-02-19,9,2023,2,19,Sunday
2023-02-20,9,2023,2,20,Monday
2023-02-22,9,2023,2,22,Wednesday
2023-02-23,9,2023,2,23,Thursday
2023-02-24,9,2023,2,24,Friday
2023-02-25,9,2023,2,25,Saturday
2023-02-26,9,2023,2,26,Sunday
2023-02-27,9,2023,2,27,Monday
2023-02-28,9,2023,2,28,Tuesday
2023-03-01,9,2023,3,1,Wednesday
2023-03-02,9,2023,3,2,Thursday
2023-03-03,9,2023,3,3,Friday
2023-03-04,9,2023,3,4,Saturday
2023-03-05,9,2023,3,5,Sunday
2023-03-06,9,2023,3,6,Monday
2023-03-07,9,2023,3,7,Tuesday
2023-03-08,9,2023,3,8,Wednesday
2023-03-09,9,2023,3,9,Thursday
2023-03-10,9,2023,3,10,Friday
2023-03-11,9,2023,3,11,Saturday
2023-03-12,9,2023,3,12,Sunday
2023-03-13,9,2023,3,13,Monday
2023-03-14,9,2023,3,14,Tuesday
2023-03-15,9,2023,3,15,Wednesday
2023-03-16,9,2023,3,16,Thursday
2023-03-17,9,2023,3,17,Friday
2023-03-18,9,2023,3,18,Saturday
2023-03-19,9,2023,3,19,Sunday
2023-03-20,9,2023,3,20,Monday
2023-03-21,9,2023,3,21,Tuesday
2023-03-22,9,2023,3,22,Wednesday
2023-03-23,9,2023,3,23,Thursday
2023-03-24,9,2023,3,24,Friday
2023-03-25,9,2023,3,25,Saturday
2023-03-26,9,2023,3,26,Sunday
2023-03-27,9,2023,3,27,Monday
2023-03-28,9,2023,3,28,Tuesday
2023-03-29,9,2023,3,29,Wednesday
2023-03-30,9,2023,3,30,Thursday
2023-03-31,9,2023,3,31,Friday
2023-04-01,9,2023,4,1,Saturday
2023-04-02,9,2023,4,2,Sunday
2023-04-03,9,2023,4,3,Monday
2023-04-04,9,2023,4,4,Tuesday
2023-04-05,9,2023,4,5,Wednesday
2023-04-06,9,2023,4,6,Thursday
2023-04-07,9,2023,4,7,Friday
2023-04-08,9,2023,4,8,Saturday
2023-04-09,9,2023,4,9,Sunday
2023-04-10,9,2023,4,10,Monday
2023-04-12,9,2023,4,12,Wednesday
2023-04-13,9,2023,4,13,Thursday
2023-04-14,9,2023,4,14,Friday
2023-04-15,9,2023,4,15,Saturday
2023-04-16,9,2023,4,16,Sunday
2023-04-17,9,2023,4,17,Monday
2023-04-19,9,2023,4,19,Wednesday
2023-04-20,9,2023,4,20,Thursday
2023-04-21,9,2023,4,21,Friday
2023-04-22,9,2023,4,22,Saturday
2023-04-23,9,2023,4,23,Sunday
2023-04-24,9,2023,4,24,Monday
2023-04-25,9,2023,4,25,Tuesday
2023-04-26,9,2023,4,26,Wednesday
2023-04-27,9,2023,4,27,Thursday
2023-04-28,9,2023,4,28,Friday
2023-04-29,9,2023,4,29,Saturday
2023-04-30,9,2023,4,30,Sunday
2023-05-01,9,2023,5,1,Monday
2023-05-02,9,2023,5,2,Tuesday
2023-05-03,9,2023,5,3,Wednesday
2023-05-04,9,2023,5,4,Thursday
2023-05-05,9,2023,5,5,Friday
2023-05-06,9,2023,5,6,Saturday
2023-05-07,9,2023,5,7,Sunday
2023-05-08,9,2023,5,8,Monday
2023-05-09,9,2023,5,9,Tuesday
2023-05-10,9,2023,5,10,Wednesday
2023-05-11,9,2023,5,11,Thursday
2023-05-12,9,2023,5,12,Friday
2023-05-13,9,2023,5,13,Saturday
2023-05-14,9,2023,5,14,Sunday
2023-05-15,9,2023,5,15,Monday
2023-05-16,9,2023,5,16,Tuesday
2023-05-17,9,2023,5,17,Wednesday
2023-05-18,9,2023,5,18,Thursday
2023-05-19,9,2023,5,19,Friday
2023-05-20,9,2023,5,20,Saturday
2023-05-21,9,2023,5,21,Sunday
2023-05-22,9,2023,5,22,Monday
2023-05-23,9,2023,5,23,Tuesday
2023-05-24,9,2023,5,24,Wednesday
2023-05-25,9,2023,5,25,Thursday
2023-05-26,9,2023,5,26,Friday
2023-05-27,9,2023,5,27,Saturday
2023-05-28,9,2023,5,28,Sunday
2023-05-29,9,2023,5,29,Monday
2023-05-30,9,2023,5,30,Tuesday
2023-05-31,9,2023,5,31,Wednesday
2023-06-01,9,2023,6,1,Thursday
2023-06-02,9,2023,6,2,Friday
2023-06-03,9,2023,6,3,Saturday
2023-06-06,9,2023,6,6,Tuesday
2023-06-07,9,2023,6,7,Wednesday
2023-06-08,9,2023,6,8,Thursday
2023-06-09,9,2023,6,9,Friday
2023-06-10,9,2023,6,10,Saturday
2023-06-11,9,2023,6,11,Sunday
2023-06-12,9,2023,6,12,Monday
2023-06-13,9,2023,6,13,Tuesday
2023-06-14,9,2023,6,14,Wednesday
2023-06-15,9,2023,6,15,Thursday
2023-06-16,9,2023,6,16,Friday
2023-06-17,9,2023,6,17,Saturday
2023-06-18,9,2023,6,18,Sunday
2023-06-19,9,2023,6,19,Monday
2023-06-20,9,2023,6,20,Tuesday
2023-06-21,9,2023,6,21,Wednesday
2023-06-22,9,2023,6,22,Thursday
2023-06-23,9,2023,6,23,Friday
2023-06-24,9,2023,6,24,Saturday
2023-06-25,9,2023,6,25,Sunday
2023-06-26,9,2023,6,26,Monday
2023-06-27,9,2023,6,27,Tuesday
2023-06-28,9,2023,6,28,Wednesday
2023-06-29,9,2023,6,29,Thursday
2023-06-30,9,2023,6,30,Friday
2023-07-01,9,2023,7,1,Saturday
2023-07-02,9,2023,7,2,Sunday
2023-07-03,9,2023,7,3,Monday
2023-07-04,9,2023,7,4,Tuesday
2023-07-05,9,2023,7,5,Wednesday
2023-07-06,9,2023,7,6,Thursday
2023-07-07,9,2023,7,7,Friday
2023-07-08,9,2023,7,8,Saturday
2023-07-09,9,2023,7,9,Sunday
2023-07-10,9,2023,7,10,Monday
2023-07-15,9,2023,7,15,Saturday
2023-07-16,9,2023,7,16,Sunday
2023-07-17,9,2023,7,17,Monday
2023-07-18,9,2023,7,18,Tuesday
2023-07-19,9,2023,7,19,Wednesday
2023-07-20,9,2023,7,20,Thursday
2023-07-21,9,2023,7,21,Friday
2023-07-22,9,2023,7,22,Saturday
2023-07-23,9,2023,7,23,Sunday
2023-07-24,9,2023,7,24,Monday
2023-07-25,9,2023,7,25,Tuesday
2023-07-26,9,2023,7,26,Wednesday
2023-07-27,9,2023,7,27,Thursday
2023-07-28,9,2023,7,28,Friday
2023-07-29,9,2023,7,29,Saturday
2023-07-30,9,2023,7,30,Sunday
2023-07-31,9,2023,7,31,Monday
2023-08-01,9,2023,8,1,Tuesday
2023-08-02,9,2023,8,2,Wednesday
2023-08-03,9,2023,8,3,Thursday
2023-08-04,9,2023,8,4,Friday
2023-08-05,9,2023,8,5,Saturday
2023-08-06,9,2023,8,6,Sunday
2023-08-07,9,2023,8,7,Monday
2023-08-08,9,2023,8,8,Tuesday
2023-08-09,9,2023,8,9,Wednesday
2023-08-10,9,2023,8,10,Thursday
2023-08-11,9,2023,8,11,Friday
2023-08-12,9,2023,8,12,Saturday
2023-08-13,9,2023,8,13,Sunday
2023-08-14,9,2023,8,14,Monday
2023-08-15,9,2023,8,15,Tuesday
2023-08-16,9,2023,8,16,Wednesday
2023-08-17,9,2023,8,17,Thursday
2023-08-18,9,2023,8,18,Friday
2023-08-19,9,2023,8,19,Saturday
2023-08-20,9,2023,8,20,Sunday
2023-08-21,9,2023,8,21,Monday
2023-08-22,9,2023,8,22,Tuesday
2023-08-23,9,2023,8,23,Wednesday
2023-08-24,9,2023,8,24,Thursday
2023-08-25,9,2023,8,25,Friday
2023-08-26,9,2023,8,26,Saturday
2023-08-27,9,2023,8,27,Sunday
2023-08-28,9,2023,8,28,Monday
2023-08-29,9,2023,8,29,Tuesday
2023-08-30,9,2023,8,30,Wednesday
2023-08-31,9,2023,8,31,Thursday
2023-09-01,9,2023,9,1,Friday
2023-09-02,9,2023,9,2,Saturday
2023-09-03,9,2023,9,3,Sunday
2023-09-04,9,2023,9,4,Monday
2023-09-05,9,2023,9,5,Tuesday
2023-09-06,9,2023,9,6,Wednesday
2023-09-07,9,2023,9,7,Thursday
2023-09-08,9,2023,9,8,Friday
2023-09-09,9,2023,9,9,Saturday
2023-09-10,9,2023,9,10,Sunday
2023-09-11,9,2023,9,11,Monday
2023-09-12,9,2023,9,12,Tuesday
2023-09-14,9,2023,9,14,Thursday
2023-09-15,9,2023,9,15,Friday
2023-09-16,9,2023,9,16,Saturday
2023-09-17,9,2023,9,17,Sunday
2023-09-18,9,2023,9,18,Monday
2023-09-19,9,2023,9,19,Tuesday
2023-09-20,9,2023,9,20,Wednesday
2023-09-21,9,2023,9,21,Thursday
2023-09-22,9,2023,9,22,Friday
2023-09-23,9,2023,9,23,Saturday
2023-09-24,9,2023,9,24,Sunday
2023-09-25,9,2023,9,25,Monday
2023-09-26,9,2023,9,26,Tuesday
2023-09-27,9,2023,9,27,Wednesday
2023-09-28,9,2023,9,28,Thursday
2023-09-29,9,2023,9,29,Friday
2023-09-30,9,2023,9,30,Saturday
2023-10-01,9,2023,10,1,Sunday
2023-10-02,9,2023,10,2,Monday
2023-10-03,9,2023,10,3,Tuesday
2023-10-04,9,2023,10,4,Wednesday
2023-10-05,9,2023,10,5,Thursday
2023-10-06,9,2023,10,6,Friday
2023-10-07,9,2023,10,7,Saturday
2023-10-08,9,2023,10,8,Sunday
2023-10-09,9,2023,10,9,Monday
2023-10-10,9,2023,10,10,Tuesday
2023-10-11,9,2023,10,11,Wednesday
2023-10-12,9,2023,10,12,Thursday
2023-10-13,9,2023,10,13,Friday
2023-10-14,9,2023,10,14,Saturday
2023-10-15,9,2023,10,15,Sunday
2023-10-16,9,2023,10,16,Monday
2023-10-17,9,2023,10,17,Tuesday
2023-10-18,9,2023,10,18,Wednesday
2023-10-19,9,2023,10,19,Thursday
2023-10-20,9,2023,10,20,Friday
2023-10-21,9,2023,10,21,Saturday
2023-10-22,9,2023,10,22,Sunday
2023-10-23,9,2023,10,23,Monday
2023-10-24,9,2023,10,24,Tuesday
2023-10-25,9,2023,10,25,Wednesday
2023-10-26,9,2023,10,26,Thursday
2023-10-27,9,2023,10,27,Friday
2023-10-28,9,2023,10,28,Saturday
2023-10-29,9,2023,10,29,Sunday
2023-10-30,9,2023,10,30,Monday
2023-10-31,9,2023,10,31,Tuesday
2023-11-01,9,2023,11,1,Wednesday
2023-11-02,9,2023,11,2,Thursday
2023-11-03,9,2023,11,3,Friday
2023-11-04,9,2023,11,4,Saturday
2023-11-05,9,2023,11,5,Sunday
2023-11-06,9,2023,11,6,Monday
2023-11-07,9,2023,11,7,Tuesday
2023-11-08,9,2023,11,8,Wednesday
2023-11-09,9,2023,11,9,Thursday
2023-11-10,9,2023,11,10,Friday
2023-11-11,9,2023,11,11,Saturday
2023-11-12,9,2023,11,12,Sunday
2023-11-13,9,2023,11,13,Monday
2023-11-14,9,2023,11,14,Tuesday
2023-11-15,9,2023,11,15,Wednesday
2023-11-16,9,2023,11,16,Thursday
2023-11-17,9,2023,11,17,Friday
2023-11-18,9,2023,11,18,Saturday
2023-11-19,9,2023,11,19,Sunday
2023-11-20,9,2023,11,20,Monday
2023-11-21,9,2023,11,21,Tuesday
2023-11-22,9,2023,11,22,Wednesday
2023-11-23,9,2023,11,23,Thursday
2023-11-24,9,2023,11,24,Friday
2023-11-25,9,2023,11,25,Saturday
2023-11-26,9,2023,11,26,Sunday
2023-11-27,9,2023,11,27,Monday
2023-11-28,9,2023,11,28,Tuesday
2023-11-29,9,2023,11,29,Wednesday
2023-11-30,9,2023,11,30,Thursday
2023-12-01,9,2023,12,1,Friday
2023-12-05,9,2023,12,5,Tuesday
2023-12-06,9,2023,12,6,Wednesday
2023-12-07,9,2023,12,7,Thursday
2023-12-08,9,2023,12,8,Friday
2023-12-09,9,2023,12,9,Saturday
2023-12-10,9,2023,12,10,Sunday
2023-12-11,9,2023,12,11,Monday
2023-12-12,9,2023,12,12,Tuesday
2023-12-13,9,2023,12,13,Wednesday
2023-12-14,9,2023,12,14,Thursday
2023-12-15,9,2023,12,15,Friday
2023-12-16,9,2023,12,16,Saturday
2023-12-17,9,2023,12,17,Sunday
2023-12-18,9,2023,12,18,Monday
2023-12-19,9,2023,12,19,Tuesday
2023-12-20,9,2023,12,20,Wednesday
2023-12-21,9,2023,12,21,Thursday
2023-12-22,9,2023,12,22,Friday
2023-12-23,9,2023,12,23,Saturday
2023-12-24,9,2023,12,24,Sunday
2023-12-25,9,2023,12,25,Monday
2023-12-26,9,2023,12,26,Tuesday
2023-12-27,9,2023,12,27,Wednesday
2023-12-28,9,2023,12,28,Thursday
2023-12-29,9,2023,12,29,Friday
2023-12-30,9,2023,12,30,Saturday
2024-01-01,9,2024,1,1,Monday
2024-01-02,9,2024,1,2,Tuesday
2024-01-03,9,2024,1,3,Wednesday
2024-01-04,9,2024,1,4,Thursday
2024-01-05,9,2024,1,5,Friday
2024-01-06,9,2024,1,6,Saturday
2024-01-07,9,2024,1,7,Sunday
2024-01-08,9,2024,1,8,Monday
2024-01-09,9,2024,1,9,Tuesday
2024-01-10,9,2024,1,10,Wednesday
2024-01-11,9,2024,1,11,Thursday
2024-01-12,9,2024,1,12,Friday
2024-01-13,9,2024,1,13,Saturday
2024-01-14,9,2024,1,14,Sunday
2024-01-15,9,2024,1,15,Monday
2024-01-16,9,2024,1,16,Tuesday
2024-01-17,9,2024,1,17,Wednesday
2024-01-18,9,2024,1,18,Thursday
2024-01-19,9,2024,1,19,Friday
2024-01-20,9,2024,1,20,Saturday
2024-01-21,9,2024,1,21,Sunday
2024-01-23,9,2024,1,23,Tuesday
2024-01-24,9,2024,1,24,Wednesday
2024-01-25,9,2024,1,25,Thursday
2024-01-26,9,2024,1,26,Friday
2024-01-27,9,2024,1,27,Saturday
2024-01-28,9,2024,1,28,Sunday
2024-01-29,9,2024,1,29,Monday
2024-01-30,9,2024,1,30,Tuesday
2024-01-31,9,2024,1,31,Wednesday
2024-02-01,9,2024,2,1,Thursday
2024-02-02,9,2024,2,2,Friday
2024-02-03,9,2024,2,3,Saturday
2024-02-04,9,2024,2,4,Sunday
2024-02-05,9,2024,2,5,Monday
2024-02-06,9,2024,2,6,Tuesday
2024-02-07,9,2024,2,7,Wednesday
2024-02-08,9,2024,2,8,Thursday
2024-02-09,9,2024,2,9,Friday
2024-02-10,9,2024,2,10,Saturday
2024-02-13,9,2024,2,13,Tuesday
2024-02-14,9,2024,2,14,Wednesday
2024-02-16,9,2024,2,16,Friday
2024-02-17,9,2024,2,17,Saturday
2024-02-18,9,2024,2,18,Sunday
2024-02-19,9,2024,2,19,Monday
2024-02-20,9,2024,2,20,Tuesday
2024-02-21,9,2024,2,21,Wednesday
2024-02-22,9,2024,2,22,Thursday
2024-02-23,9,2024,2,23,Friday
2024-02-24,9,2024,2,24,Saturday
2024-02-25,9,2024,2,25,Sunday
2024-02-26,9,2024,2,26,Monday
2024-02-27,9,2024,2,27,Tuesday
2024-02-28,9,2024,2,28,Wednesday
2024-02-29,9,2024,2,29,Thursday
2024-03-01,9,2024,3,1,Friday
2024-03-02,9,2024,3,2,Saturday
2024-03-03,9,2024,3,3,Sunday
2024-03-04,9,2024,3,4,Monday
2024-03-05,9,2024,3,5,Tuesday
2024-03-06,9,2024,3,6,Wednesday
2024-03-07,9,2024,3,7,Thursday
2024-03-08,9,2024,3,8,Friday
2024-03-09,9,2024,3,9,Saturday
2024-03-10,9,2024,3,10,Sunday
2024-03-11,9,2024,3,11,Monday
2024-03-12,9,2024,3,12,Tuesday
2024-03-13,9,2024,3,13,Wednesday
2024-03-14,9,2024,3,14,Thursday
2024-03-15,9,2024,3,15,Friday
2024-03-16,9,2024,3,16,Saturday
2024-03-17,9,2024,3,17,Sunday
2024-03-18,9,2024,3,18,Monday
2024-03-19,9,2024,3,19,Tuesday
2024-03-20,9,2024,3,20,Wednesday
2024-03-21,9,2024,3,21,Thursday
2024-03-22,9,2024,3,22,Friday
2024-03-23,9,2024,3,23,Saturday
2024-03-24,9,2024,3,24,Sunday
2024-03-25,9,2024,3,25,Monday
2024-03-26,9,2024,3,26,Tuesday
2024-03-28,9,2024,3,28,Thursday
2024-03-29,9,2024,3,29,Friday
2024-03-30,9,2024,3,30,Saturday
2024-03-31,9,2024,3,31,Sunday
2024-04-01,9,2024,4,1,Monday
2024-04-02,9,2024,4,2,Tuesday
2024-04-03,9,2024,4,3,Wednesday
2024-04-04,9,2024,4,4,Thursday
2024-04-05,9,2024,4,5,Friday
2024-04-06,9,2024,4,6,Saturday
2024-04-07,9,2024,4,7,Sunday
2024-04-08,9,2024,4,8,Monday
2024-04-09,9,2024,4,9,Tuesday
2024-04-10,9,2024,4,10,Wednesday
2024-04-11,9,2024,4,11,Thursday
2024-04-12,9,2024,4,12,Friday
2024-04-13,9,2024,4,13,Saturday
2024-04-14,9,2024,4,14,Sunday
2024-04-15,9,2024,4,15,Monday
2024-04-16,9,2024,4,16,Tuesday
2024-04-17,9,2024,4,17,Wednesday
2024-04-18,9,2024,4,18,Thursday
2024-04-19,9,2024,4,19,Friday
2024-04-20,9,2024,4,20,Saturday
2024-04-22,9,2024,4,22,Monday
2024-04-23,9,2024,4,23,Tuesday
2024-04-24,9,2024,4,24,Wednesday
2024-04-25,9,2024,4,25,Thursday
2024-04-26,9,2024,4,26,Friday
2024-04-27,9,2024,4,27,Saturday
2024-04-28,9,2024,4,28,Sunday
2024-04-29,9,2024,4,29,Monday
2024-04-30,9,2024,4,30,Tuesday
2024-05-01,9,2024,5,1,Wednesday
2024-05-02,9,2024,5,2,Thursday
2024-05-03,9,2024,5,3,Friday
2024-05-04,9,2024,5,4,Saturday
2024-05-05,9,2024,5,5,Sunday
2024-05-06,9,2024,5,6,Monday
2024-05-07,9,2024,5,7,Tuesday
2024-05-08,9,2024,5,8,Wednesday
2024-05-09,9,2024,5,9,Thursday
2024-05-10,9,2024,5,10,Friday
2024-05-11,9,2024,5,11,Saturday
2024-05-12,9,2024,5,12,Sunday
2024-05-13,9,2024,5,13,Monday
2024-05-14,9,2024,5,14,Tuesday
2024-05-15,9,2024,5,15,Wednesday
2024-05-16,9,2024,5,16,Thursday
2024-05-17,9,2024,5,17,Friday
2024-05-18,9,2024,5,18,Saturday
2024-05-19,9,2024,5,19,Sunday
2024-05-20,9,2024,5,20,Monday
2024-05-21,9,2024,5,21,Tuesday
2024-05-22,9,2024,5,22,Wednesday
2024-05-23,9,2024,5,23,Thursday
2024-05-24,9,2024,5,24,Friday
2024-05-25,9,2024,5,25,Saturday
2024-05-26,9,2024,5,26,Sunday
2024-05-27,9,2024,5,27,Monday
2024-05-28,9,2024,5,28,Tuesday
2024-05-29,9,2024,5,29,Wednesday
2024-05-30,9,2024,5,30,Thursday
2024-05-31,9,2024,5,31,Friday
2024-06-01,9,2024,6,1,Saturday
2024-06-02,9,2024,6,2,Sunday
2024-06-03,9,2024,6,3,Monday
2024-06-04,9,2024,6,4,Tuesday
2024-06-05,9,2024,6,5,Wednesday
2024-06-06,9,2024,6,6,Thursday
2024-06-07,9,2024,6,7,Friday
2024-06-08,9,2024,6,8,Saturday
2024-06-09,9,2024,6,9,Sunday
2024-06-10,9,2024,6,10,Monday
2024-06-11,9,2024,6,11,Tuesday
2024-06-12,9,2024,6,12,Wednesday
2024-06-13,9,2024,6,13,Thursday
2024-06-14,9,2024,6,14,Friday
2024-06-15,9,2024,6,15,Saturday
2024-06-16,9,2024,6,16,Sunday
2024-06-17,9,2024,6,17,Monday
2024-06-18,9,2024,6,18,Tuesday
2024-06-19,9,2024,6,19,Wednesday
2024-06-20,9,2024,6,20,Thursday
2024-06-21,9,2024,6,21,Friday
2024-06-22,9,2024,6,22,Saturday
2024-06-23,9,2024,6,23,Sunday
2024-06-24,9,2024,6,24,Monday
2024-06-25,9,2024,6,25,Tuesday
2024-06-26,9,2024,6,26,Wednesday
2024-06-27,9,2024,6,27,Thursday
2024-06-28,9,2024,6,28,Friday
2024-06-29,9,2024,6,29,Saturday
2024-06-30,9,2024,6,30,Sunday
2024-07-01,9,2024,7,1,Monday
2024-07-02,9,2024,7,2,Tuesday
2024-07-03,9,2024,7,3,Wednesday
2024-07-04,9,2024,7,4,Thursday
2024-07-05,9,2024,7,5,Friday
2024-07-06,9,2024,7,6,Saturday
2024-07-07,9,2024,7,7,Sunday
2024-07-08,9,2024,7,8,Monday
2024-07-09,9,2024,7,9,Tuesday
2024-07-10,9,2024,7,10,Wednesday
2024-07-11,9,2024,7,11,Thursday
2024-07-12,9,2024,7,12,Friday
2024-07-13,9,2024,7,13,Saturday
2024-07-14,9,2024,7,14,Sunday
2024-07-15,9,2024,7,15,Monday
2024-07-16,9,2024,7,16,Tuesday
2024-07-17,9,2024,7,17,Wednesday
2024-07-18,9,2024,7,18,Thursday
2024-07-19,9,2024,7,19,Friday
2024-07-20,9,2024,7,20,Saturday
2024-07-21,9,2024,7,21,Sunday
2024-07-22,9,2024,7,22,Monday
2024-07-23,9,2024,7,23,Tuesday
2024-07-24,9,2024,7,24,Wednesday
2024-07-25,9,2024,7,25,Thursday
2024-07-26,9,2024,7,26,Friday
2024-07-27,9,2024,7,27,Saturday
2024-07-28,9,2024,7,28,Sunday
2024-07-29,9,2024,7,29,Monday
2024-07-30,9,2024,7,30,Tuesday
2024-07-31,9,2024,7,31,Wednesday
2024-08-01,9,2024,8,1,Thursday
2024-08-02,9,2024,8,2,Friday
2024-08-03,9,2024,8,3,Saturday
2024-08-05,9,2024,8,5,Monday
2024-08-06,9,2024,8,6,Tuesday
2024-08-07,9,2024,8,7,Wednesday
2024-08-08,9,2024,8,8,Thursday
2024-08-09,9,2024,8,9,Friday
2024-08-10,9,2024,8,10,Saturday
2024-08-11,9,2024,8,11,Sunday
2024-08-12,9,2024,8,12,Monday
2024-08-13,9,2024,8,13,Tuesday
2024-08-14,9,2024,8,14,Wednesday
2024-08-15,9,2024,8,15,Thursday
2024-08-17,9,2024,8,17,Saturday
2024-08-18,9,2024,8,18,Sunday
2024-08-19,9,2024,8,19,Monday
2024-08-20,9,2024,8,20,Tuesday
2024-08-21,9,2024,8,21,Wednesday
2024-08-22,9,2024,8,22,Thursday
2024-08-23,9,2024,8,23,Friday
2024-08-24,9,2024,8,24,Saturday
2024-08-25,9,2024,8,25,Sunday
2024-08-27,9,2024,8,27,Tuesday
2024-08-28,9,2024,8,28,Wednesday
2024-08-29,9,2024,8,29,Thursday
2024-08-30,9,2024,8,30,Friday
2024-08-31,9,2024,8,31,Saturday
2024-09-01,9,2024,9,1,Sunday
2024-09-02,9,2024,9,2,Monday
2024-09-03,9,2024,9,3,Tuesday
2024-09-04,9,2024,9,4,Wednesday
2024-09-05,9,2024,9,5,Thursday
2024-09-06,9,2024,9,6,Friday
2024-09-07,9,2024,9,7,Saturday
2024-09-08,9,2024,9,8,Sunday
2024-09-10,9,2024,9,10,Tuesday
2024-09-11,9,2024,9,11,Wednesday
2024-09-12,9,2024,9,12,Thursday
2024-09-13,9,2024,9,13,Friday
2024-09-14,9,2024,9,14,Saturday
2024-09-15,9,2024,9,15,Sunday
2024-09-16,9,2024,9,16,Monday
2024-09-17,9,2024,9,17,Tuesday
2024-09-18,9,2024,9,18,Wednesday
2024-09-19,9,2024,9,19,Thursday
2024-09-20,9,2024,9,20,Friday
2024-09-21,9,2024,9,21,Saturday
2024-09-22,9,2024,9,22,Sunday
2024-09-23,9,2024,9,23,Monday
2024-09-24,9,2024,9,24,Tuesday
2024-09-25,9,2024,9,25,Wednesday
2024-09-27,9,2024,9,27,Friday
2024-09-28,9,2024,9,28,Saturday
2024-09-29,9,2024,9,29,Sunday
2024-09-30,9,2024,9,30,Monday
2024-10-01,9,2024,10,1,Tuesday
2024-10-02,9,2024,10,2,Wednesday
2024-10-03,9,2024,10,3,Thursday
2024-10-04,9,2024,10,4,Friday
2024-10-05,9,2024,10,5,Saturday
2024-10-06,9,2024,10,6,Sunday
2024-10-07,9,2024,10,7,Monday
2024-10-08,9,2024,10,8,Tuesday
2024-10-09,9,2024,10,9,Wednesday
2024-10-10,9,2024,10,10,Thursday
2024-10-11,9,2024,10,11,Friday
2024-10-12,9,2024,10,12,Saturday
2024-10-13,9,2024,10,13,Sunday
2024-10-14,9,2024,10,14,Monday
2024-10-15,9,2024,10,15,Tuesday
2024-10-16,9,2024,10,16,Wednesday
2024-10-17,9,2024,10,17,Thursday
2024-10-18,9,2024,10,18,Friday
2024-10-19,9,2024,10,19,Saturday
2024-10-20,9,2024,10,20,Sunday
2024-10-21,9,2024,10,21,Monday
2024-10-22,9,2024,10,22,Tuesday
2024-10-23,9,2024,10,23,Wednesday
2024-10-24,9,2024,10,24,Thursday
2024-10-25,9,2024,10,25,Friday
2024-10-26,9,2024,10,26,Saturday
2024-10-29,9,2024,10,29,Tuesday
2024-10-30,9,2024,10,30,Wednesday
2024-10-31,9,2024,10,31,Thursday
2024-11-01,9,2024,11,1,Friday
2024-11-02,9,2024,11,2,Saturday
2024-11-03,9,2024,11,3,Sunday
2024-11-04,9,2024,11,4,Monday
2024-11-05,9,2024,11,5,Tuesday
2024-11-06,9,2024,11,6,Wednesday
2024-11-07,9,2024,11,7,Thursday
2024-11-08,9,2024,11,8,Friday
2024-11-09,9,2024,11,9,Saturday
2024-11-10,9,2024,11,10,Sunday
2024-11-11,9,2024,11,11,Monday
2024-11-12,9,2024,11,12,Tuesday
2024-11-13,9,2024,11,13,Wednesday
2024-11-14,9,2024,11,14,Thursday
2024-11-15,9,2024,11,15,Friday
2024-11-16,9,2024,11,16,Saturday
2024-11-17,9,2024,11,17,Sunday
2024-11-18,9,2024,11,18,Monday
2024-11-19,9,2024,11,19,Tuesday
2024-11-20,9,2024,11,20,Wednesday
2024-11-21,9,2024,11,21,Thursday
2024-11-22,9,2024,11,22,Friday
2024-11-23,9,2024,11,23,Saturday
2024-11-24,9,2024,11,24,Sunday
2024-11-25,9,2024,11,25,Monday
2024-11-26,9,2024,11,26,Tuesday
2024-11-27,9,2024,11,27,Wednesday
2024-11-28,9,2024,11,28,Thursday
2024-11-29,9,2024,11,29,Friday
2024-11-30,9,2024,11,30,Saturday
2024-12-01,9,2024,12,1,Sunday
2024-12-02,9,2024,12,2,Monday
2024-12-03,9,2024,12,3,Tuesday
2024-12-04,9,2024,12,4,Wednesday
2024-12-05,9,2024,12,5,Thursday
2024-12-06,9,2024,12,6,Friday
2024-12-07,9,2024,12,7,Saturday
2024-12-09,9,2024,12,9,Monday
2024-12-10,9,2024,12,10,Tuesday
2024-12-11,9,2024,12,11,Wednesday
2024-12-12,9,2024,12,12,Thursday
2024-12-13,9,2024,12,13,Friday
2024-12-14,9,2024,12,14,Saturday
2024-12-15,9,2024,12,15,Sunday
2024-12-16,9,2024,12,16,Monday
2024-12-17,9,2024,12,17,Tuesday
2024-12-18,9,2024,12,18,Wednesday
2024-12-19,9,2024,12,19,Thursday
2024-12-20,9,2024,12,20,Friday
2024-12-21,9,2024,12,21,Saturday
2024-12-22,9,2024,12,22,Sunday
2024-12-23,9,2024,12,23,Monday
2024-12-24,9,2024,12,24,Tuesday
2024-12-25,9,2024,12,25,Wednesday
2024-12-26,9,2024,12,26,Thursday
2024-12-27,9,2024,12,27,Friday
2024-12-28,9,2024,12,28,Saturday
2024-12-29,9,2024,12,29,Sunday
2024-12-30,9,2024,12,30,Monday
